precinct_key,district_num,area_weight
001:1B,1,1.0000000000
001:1C,1,1.0000000000
001:2,1,1.0000000000
001:3A1,1,1.0000000000
001:3C,1,1.0000000000
001:4B,1,1.0000000000
001:4D,1,1.0000000000
001:5A,1,1.0000000000
001:5B,1,1.0000000000
003:AXSON,8,1.0000000000
003:PEARSONCITY,8,1.0000000000
003:PEARSONCOUNTY,8,1.0000000000
003:WILLACOOCHEE,8,1.0000000000
005:DOUGLAS,1,1.0000000000
007:ANNA,2,1.0000000000
007:ELMODEL,2,1.0000000000
007:HOGGARDSMILL,2,1.0000000000
007:MILFORD,2,1.0000000000
007:NEWTON,2,1.0000000000
009:BODDIE,8,1.0000000000
009:CITYHALLANNEX,8,1.0000000000
009:COOPERS,8,1.0000000000
009:COURTHOUSE,8,1.0000000000
009:EASTBALDWIN,8,1.0000000000
009:EASTHARDWICK,8,1.0000000000
009:MERIWETHER,8,1.0000000000
009:NORTHBALDWIN,8,1.0000000000
009:NORTHMILLEDGEVILLE,8,1.0000000000
009:SCOTTBORO,8,1.0000000000
009:SOUTHMILLEDGEVILLE,8,1.0000000000
009:WESTBALDWIN,8,1.0000000000
009:WESTHARDWICK,8,1.0000000000
009:WESTTHOMAS,8,1.0000000000
011:ANDERSON,9,1.0000000000
011:BALDWIN,9,1.0000000000
011:BERLIN,9,1.0000000000
011:BUSHVILLE,9,1.0000000000
011:COLUMBIA,9,1.0000000000
011:DAVIDS,9,1.0000000000
011:GOLDENHILL,9,1.0000000000
011:GROVERIVER,9,1.0000000000
011:HOLLINGSWORTH,9,1.0000000000
011:HOMER,9,1.0000000000
011:POPLARSPRINGS,9,1.0000000000
011:WASHINGTON,9,1.0000000000
011:WILMONTS,9,1.0000000000
013:01,10,1.0000000000
013:02,10,1.0000000000
013:03,10,1.0000000000
013:04,10,1.0000000000
013:05,10,1.0000000000
013:08,10,1.0000000000
013:13,10,1.0000000000
013:16,10,1.0000000000
015:ADAIRSVILLE,11,1.0000000000
015:ALLATOONA,11,1.0000000000
015:CARTERSVILLEEAST,11,1.0000000000
015:CARTERSVILLEWEST,11,1.0000000000
015:CASSVILLE,11,1.0000000000
015:CENTER,11,1.0000000000
015:EMERSON,11,1.0000000000
015:EUHARLEE,11,1.0000000000
015:FOLSOM,11,1.0000000000
015:HAMILTONCROSSING,11,1.0000000000
015:KINGSTON,11,1.0000000000
015:MISSIONROAD,11,1.0000000000
015:PINELOG,11,1.0000000000
015:TAYLORSVILLE,11,1.0000000000
015:WHITE,11,1.0000000000
015:WOODLAND,11,1.0000000000
015:ZENADRIVE,11,1.0000000000
017:EAST,8,1.0000000000
019:ALAPAHA,8,1.0000000000
019:ENIGMA,8,1.0000000000
019:NASHVILLE,8,1.0000000000
019:RAYCITY,8,1.0000000000
019:WESTBERRIEN,8,1.0000000000
021:EASTMACON1,2,1.0000000000
021:EASTMACON2,2,1.0000000000
021:EASTMACON3,2,1.0000000000
021:EASTMACON4,2,1.0000000000
021:EASTMACON5,2,1.0000000000
021:GODFREY1,2,1.0000000000
021:GODFREY2,2,1.0000000000
021:GODFREY3,2,1.0000000000
021:GODFREY4,2,1.0000000000
021:GODFREY5,2,1.0000000000
021:HAZZARD1,2,1.0000000000
021:HAZZARD2,8,1.0000000000
021:HAZZARD3,2,1.0000000000
021:HAZZARD4,8,1.0000000000
021:HOWARD1,8,1.0000000000
021:HOWARD2,8,1.0000000000
021:HOWARD3,8,1.0000000000
021:HOWARD4,8,1.0000000000
021:HOWARD5,8,1.0000000000
021:HOWARD6,8,1.0000000000
021:HOWARD7,8,1.0000000000
021:RUTLAND1,2,1.0000000000
021:RUTLAND2,2,1.0000000000
021:VINEVILLE1,2,1.0000000000
021:VINEVILLE2,2,1.0000000000
021:VINEVILLE3,2,1.0000000000
021:VINEVILLE4,2,1.0000000000
021:VINEVILLE5,8,1.0000000000
021:VINEVILLE6,2,0.4595267746
021:VINEVILLE6,8,0.5404732254
021:WARRIOR1,2,1.0000000000
021:WARRIOR2,2,1.0000000000
023:1,8,1.0000000000
025:HOBOKEN,1,1.0000000000
025:NAHUNTA,1,1.0000000000
025:WAYNESVILLE,1,1.0000000000
027:BARWICK,8,1.0000000000
027:BRIGGS,8,1.0000000000
027:DIXIE,8,1.0000000000
027:MORVEN,8,1.0000000000
027:NANKIN,8,1.0000000000
027:PAVO,8,1.0000000000
027:QUITMAN,8,1.0000000000
029:029FTSTEW,1,1.0000000000
029:BLACKCREEK,1,1.0000000000
029:BRYANCOUNTYADMINBLDG,1,1.0000000000
029:CHRISTBAPTISTCHURCH,1,1.0000000000
029:DANIELSIDING,1,1.0000000000
029:FIRSTBAPTISTCHURCH,1,1.0000000000
029:HARNCOMMUNITYCENTER,1,1.0000000000
029:JOHNSTEVENSWETLANDCTR,1,1.0000000000
029:NEWBEGINNINGS,1,1.0000000000
029:NEWLIFE,1,1.0000000000
029:RHRECCOMPLEX,1,1.0000000000
031:BAY,12,1.0000000000
031:BLITCH,12,1.0000000000
031:BROOKLET,12,1.0000000000
031:CHURCH,12,1.0000000000
031:EMIT,12,1.0000000000
031:FAIR,12,1.0000000000
031:HAGIN,12,1.0000000000
031:LEEFIELD,12,1.0000000000
031:LOCKHART,12,1.0000000000
031:NEVILS,12,1.0000000000
031:PITTMANPARK,12,1.0000000000
031:PORTAL,12,1.0000000000
031:REGISTER,12,1.0000000000
031:SINKHOLE,12,1.0000000000
031:STATESBORO,12,1.0000000000
031:STILSON,12,1.0000000000
033:ALEXANDER,12,1.0000000000
033:BLAKENEY,12,1.0000000000
033:FOURPOINTS,12,1.0000000000
033:GIRARD,12,1.0000000000
033:GOUGH,12,1.0000000000
033:GREENSCUT,12,1.0000000000
033:KEYSVILLE,12,1.0000000000
033:MIDVILLE,12,1.0000000000
033:MUNNERLYN,12,1.0000000000
033:NORTHWAYNESBORO,12,1.0000000000
033:SARDIS,12,1.0000000000
033:SCOTTSCROSSROADS,12,1.0000000000
033:SOUTHWAYNESBORO,12,1.0000000000
033:STCLAIR,12,1.0000000000
033:TELFAIR,12,1.0000000000
033:VIDETTE,12,1.0000000000
035:BUTTSCOUNTYRECREATIONCENTER,10,1.0000000000
035:JENKINSBURGCITYHALL,10,1.0000000000
035:ROCKCREEKMISSIONARY,10,1.0000000000
035:STARKUNITEDMETHODISTCHURCH,10,1.0000000000
035:TOWALIGABAPTISTCHURCH,10,1.0000000000
037:ARLINGTON,2,1.0000000000
037:EDISON,2,1.0000000000
037:EDISONARLINGTON,2,1.0000000000
037:LEARY,2,1.0000000000
037:MORGAN,2,1.0000000000
039:BROWNTOWN,1,1.0000000000
039:EASTKINGSLAND,1,1.0000000000
039:HARRIETSBLUFF,1,1.0000000000
039:KINGSLAND,1,1.0000000000
039:MUSHBLUFF,1,1.0000000000
039:NORTHKINGSLAND,1,1.0000000000
039:NORTHSTMARYS,1,1.0000000000
039:SOUTHSTMARYS,1,1.0000000000
039:STMARYS,1,1.0000000000
039:TARBORO,1,1.0000000000
039:WAVERLY,1,1.0000000000
039:WESTKINGSLAND,1,1.0000000000
039:WESTSTMARYS,1,1.0000000000
039:WOODBINE,1,1.0000000000
043:JSCC,12,1.0000000000
045:BETHANY,3,1.0000000000
045:BONNER,3,1.0000000000
045:BOWDON,3,1.0000000000
045:BOWDONJUNCTION,3,1.0000000000
045:BURSONCENTER,3,1.0000000000
045:BURWELL,3,1.0000000000
045:CENTERPOINT,3,1.0000000000
045:CLEM,3,1.0000000000
045:COUNTYADMINBLDG,3,1.0000000000
045:FAIRFIELD,3,1.0000000000
045:HULETT,3,1.0000000000
045:KANSAS,3,1.0000000000
045:LAKESHORERECCENTER,3,1.0000000000
045:MTZION,3,1.0000000000
045:OAKGROVE,3,1.0000000000
045:OLDCAMPCHURCH,3,1.0000000000
045:ROOPVILLE,3,1.0000000000
045:SANDHILL,3,1.0000000000
045:TABERNACLECHURCH,3,1.0000000000
045:TEMPLECITY,3,1.0000000000
045:TEMPLECOUNTY,3,1.0000000000
045:TYUS,3,1.0000000000
045:UNIVERSITYOFWGA,3,1.0000000000
045:VILLARICACITY,3,1.0000000000
045:VRCOUNTYNORTH,3,1.0000000000
045:VRCOUNTYSOUTH,3,1.0000000000
045:WESTCARROLLTON,3,1.0000000000
045:WHITESBURG,3,1.0000000000
047:BLACKSTOCK,14,1.0000000000
047:BOYNTON,14,1.0000000000
047:CATOOSAKEITH,14,1.0000000000
047:CHAMBERS,14,1.0000000000
047:FTOGLETHORPE,14,1.0000000000
047:GRAYSVILLE,14,1.0000000000
047:LAKEVIEW,14,1.0000000000
047:POPLARSPRINGS,14,1.0000000000
047:RINGGOLD,14,1.0000000000
047:WESTSIDE,14,1.0000000000
047:WOODSTATION,14,1.0000000000
049:FOLKSTON,1,1.0000000000
049:GABEND,1,1.0000000000
049:HOMELAND,1,1.0000000000
049:RACEPOND,1,1.0000000000
049:STGEORGE,1,1.0000000000
049:WINOKUR,1,1.0000000000
051:051XFTPU,1,1.0000000000
051:101CFIRSTPRESBYTERIANCHURCH,1,1.0000000000
051:105CJEABUILDING,1,1.0000000000
051:106CCENTRALCHURCHOFCHRIST,1,1.0000000000
051:108CGRACEUNITEDMETHODISTCHURCH,1,1.0000000000
051:109CIMMANUELBAPTISTCHURCH,1,1.0000000000
051:110CSTTHOMASEPISCOPALCHURCH,1,1.0000000000
051:112CISLEOFHOPEBAPTIST,1,1.0000000000
051:113CTHESANCTUARY,1,1.0000000000
051:114CSTLUKEUNITEDMETHODISTCHURCH,1,1.0000000000
051:116CFERGUSONAVEBAPTIST,1,1.0000000000
051:117CISLANDSCHRISTIANCHURCH,1,1.0000000000
051:202CRIVERPOINTE,1,1.0000000000
051:203CWWLAWCENTER,1,1.0000000000
051:204CFELLOWSHIPOFLOVECHURCH,1,1.0000000000
051:205CHOLYSPIRITLUTHERANCHURCH,1,1.0000000000
051:206CELIWHITNEYCOMPLEX,1,1.0000000000
051:206CELIWHITNEYCOMPLEXSAVANNAH,1,1.0000000000
051:207CCHRISTCOMMUNITYCHURCH,1,1.0000000000
051:209CSALVATIONARMY,1,1.0000000000
051:211COASISOFHOPE,1,1.0000000000
051:212CWILLIAMSCOURTAPTS,1,1.0000000000
051:302CTEMPLEMICKVEISRAEL,1,1.0000000000
051:303CSAVANNAHHIGHSCHOOL,1,1.0000000000
051:304CFIRSTAFRICANBAPTISTCHURCH,1,1.0000000000
051:305CNEWGENERATIONSCATHEDRAL,1,1.0000000000
051:308CJENKINSHIGHSCHOOL,1,1.0000000000
051:309CTHECONNEXIONCHURCH,1,1.0000000000
051:310CBIBLEBAPTISTCHURCH,1,1.0000000000
051:311CSOUTHSIDEBAPTISTCHURCH,1,1.0000000000
051:312CTHUNDERBOLTMUNICOMPLEX,1,1.0000000000
051:313CNEWCOV7DAYADVCH,1,1.0000000000
051:314COGLETHORPECHARTERACADEMY,1,1.0000000000
051:314COGLETHORPECHARTERACADEMYSAVANNAH,1,1.0000000000
051:402CISLANDSHIGHSCHOOLANNEX,1,1.0000000000
051:404CLIGHTHOUSEBAPTISTCHURCH,1,1.0000000000
051:405CSTFRANCISEPISCOPALCHURCH,1,1.0000000000
051:406CFIRSTBAPTISTOFTHEISLAND,1,1.0000000000
051:407CWILMINGTONISLANDUMC,1,1.0000000000
051:408CWILMINGTONISLANDPRESCHURCH,1,1.0000000000
051:410CBURKEDAYPUBLICSAFETYBLDG,1,1.0000000000
051:411CISLANDOLDSCHOOLCAFE,1,1.0000000000
051:412CSTPETERSEPISCOPAL,1,1.0000000000
051:413CSKIDAWAYCOMMUNITYCHURCH,1,1.0000000000
051:414CSKIDAWAYISLANDMETHODISTCHURCH,1,1.0000000000
051:502CSENIORCITIZENSCENTER,1,1.0000000000
051:503CBUTLERPRESBYTERIANCHURCH,1,1.0000000000
051:505CLIBERTYCITYCOMMCTR,1,1.0000000000
051:506CSEEDCHURCH,1,1.0000000000
051:506CSEEDCHURCHSAVANNAH,1,1.0000000000
051:507CELKSLODGE,1,1.0000000000
051:508CSAVANNAHPRIMITIVEBC,1,1.0000000000
051:510CJONESVILLEBAPTISTCHURCH,1,1.0000000000
051:511CLARGOTIBETELEMENTARY,1,1.0000000000
051:601CWHITEBLUFFPRESBYTERIAN,1,1.0000000000
051:602CWINDSORFORESTBAPTIST,1,1.0000000000
051:602CWINDSORFORESTBAPTISTSAVANNAH,1,1.0000000000
051:603CCRUSADERCOMMCENTER,1,1.0000000000
051:605CWINDSORHALL,1,1.0000000000
051:606CTHELIGHTCHURCH,1,1.0000000000
051:608CCHRISTMEMORIALBAPTISTCHURCH,1,1.0000000000
051:609CTRINITYLUTHERANCHURCH,1,1.0000000000
051:610CGEORGETOWNELEMENTARY,1,1.0000000000
051:610CGEORGETOWNELEMENTARYSAVANNAH,1,1.0000000000
051:611CCOASTALGABOTANICALGARDENS,1,1.0000000000
051:611CCOASTALGABOTANICALGARDENSSAVANNAH,1,1.0000000000
051:701CFIRSTBAPTISTCHURCHOFGARDENCITY,1,1.0000000000
051:703CPBEDWARDSGYM,1,1.0000000000
051:704CLAKESHORECOMMCTR,1,1.0000000000
051:705CWOODLAWNBAPTISTCHURCH,1,1.0000000000
051:706C1STBAPTISTCHURCHOFPOOLER,1,1.0000000000
051:707CROTHWELLBAPTISTCHURCH,1,1.0000000000
051:708CBLOOMINGDALECOMMCTR,1,1.0000000000
051:708CBLOOMINGDALECOMMCTRSAVANNAH,1,1.0000000000
051:709CCOMPASSIONCHRISTIANHENDERSON,1,1.0000000000
051:709CCOMPASSIONCHRISTIANHENDERSONSAVANNAH,1,1.0000000000
051:710CPROGRESSIVERECCENTER,1,1.0000000000
051:711CSAVANNAHFIRESTATION14,1,1.0000000000
051:712CWESTCHATHAMBAPTISTCHURCH,1,1.0000000000
051:713CSOUTHSIDEFIRETRNGCTR,1,1.0000000000
051:713CSOUTHSIDEFIRETRNGCTRGARDENCITY,1,1.0000000000
051:714CCOASTALCATHEDRAL,1,1.0000000000
051:715CRICECREEKSCHOOL,1,1.0000000000
051:716CPOOLERRECREATIONCENTERGYMNASIUM,1,1.0000000000
051:801CRMGCIVILRIGHTSMUSEUM,1,1.0000000000
051:802CHELLENICCENTER,1,1.0000000000
051:803CSILKHOPEBAPTISTCHURCH,1,1.0000000000
051:803CSILKHOPEBAPTISTCHURCHGARDENCITY,1,1.0000000000
051:805CWBROADSTYMCA,1,1.0000000000
051:806CTOMPKINSRECCENTER,1,1.0000000000
051:807CWOODVILLETOMPKINSTI,1,1.0000000000
051:808CRESUROFOURLORDCHURCH,1,1.0000000000
051:809CMOSESJACKSONCENTER,1,1.0000000000
051:810CCARVERHEIGHTSCOMMCTR,1,1.0000000000
051:811CBUTLERELEMENTARY,1,1.0000000000
051:812CBEACHHIGHSCHOOL,1,1.0000000000
051:813CSAVANNAHCHRISTIAN,1,1.0000000000
051:815CCOOPERCENTER,1,1.0000000000
051:816CMIGHTY8THMUSEUM,1,1.0000000000
051:817CGEORGIATECHSAVANNAHCAMPUS,1,1.0000000000
051:818CSAVANNAHFIRST7THDAYADVCHURCH,1,1.0000000000
053:053FTBEN1,2,1.0000000000
053:053FTBEN2,2,1.0000000000
053:053FTBEN3,2,1.0000000000
053:ACTIVITYCENTER,2,1.0000000000
055:DIRTTOWN,14,1.0000000000
055:HAYWOOD,14,1.0000000000
055:LYERLY,14,1.0000000000
055:MENLO,14,1.0000000000
055:SUBLIGNA,14,1.0000000000
055:SUMMERVILLE,14,1.0000000000
055:TRION,14,1.0000000000
057:AIRACRES,11,1.0000000000
057:ARNOLDMILL,11,1.0000000000
057:AVERY,6,1.0000000000
057:BALLGROUND,6,1.0000000000
057:BASCOMB,11,1.0000000000
057:BELLS,11,1.0000000000
057:BOOTH,11,1.0000000000
057:BRADSHAW,11,1.0000000000
057:BRIDGEMILL,11,1.0000000000
057:CANTON,11,1.0000000000
057:CARMEL,11,1.0000000000
057:CLAYTON,11,1.0000000000
057:CONNSCREEK,6,1.0000000000
057:DEERRUN,11,1.0000000000
057:DIXIE,11,1.0000000000
057:FREEHOME,6,1.0000000000
057:HICKORYFLAT,6,0.2827837423
057:HICKORYFLAT,11,0.7172162577
057:HIGHTOWER,6,1.0000000000
057:HILLSIDE,11,1.0000000000
057:HOLLYSPRINGS,11,1.0000000000
057:KELLOGG,11,1.0000000000
057:LIBERTY,11,1.0000000000
057:LITTLERIVER,11,1.0000000000
057:MACEDONIA,6,1.0000000000
057:MOUNTAINROAD,6,1.0000000000
057:NEESE,11,1.0000000000
057:OAKGROVE,11,1.0000000000
057:RMMOORE,11,1.0000000000
057:ROSECREEK,11,1.0000000000
057:RTJONES,11,1.0000000000
057:SALACOA,11,1.0000000000
057:SIXES,11,1.0000000000
057:SUTALLEE,11,1.0000000000
057:TEASLEY,11,1.0000000000
057:TOONIGH,11,1.0000000000
057:UNIONHILL,6,1.0000000000
057:UNIVETER,11,1.0000000000
057:VICTORIA,11,1.0000000000
057:WALESKA,11,1.0000000000
057:WILDCAT,11,1.0000000000
057:WOODLANDS,11,1.0000000000
057:WOODSTOCK,11,1.0000000000
059:1A,10,1.0000000000
059:1B,10,1.0000000000
059:1C,10,1.0000000000
059:1D,10,1.0000000000
059:2A,10,1.0000000000
059:2B,10,1.0000000000
059:3A,10,1.0000000000
059:3B,10,1.0000000000
059:4A,10,1.0000000000
059:4B,10,1.0000000000
059:5A,10,1.0000000000
059:5B,10,1.0000000000
059:5C,10,1.0000000000
059:5D,10,1.0000000000
059:6A,10,1.0000000000
059:6B,10,1.0000000000
059:6C,10,1.0000000000
059:6D,10,1.0000000000
059:7A,10,1.0000000000
059:7B,10,1.0000000000
059:7C,10,1.0000000000
059:8A,10,1.0000000000
059:8B,10,1.0000000000
059:8C,10,1.0000000000
061:BLUFFTON,2,1.0000000000
061:COURTHOUSE,2,1.0000000000
061:DAYSCROSSROAD,2,1.0000000000
061:OLDHEADSTART,2,1.0000000000
061:ZETTO,2,1.0000000000
063:ELLENWOOD1,13,1.0000000000
063:ELLENWOOD2,13,1.0000000000
063:FORESTPARK1,5,1.0000000000
063:FORESTPARK2,5,1.0000000000
063:FORESTPARK3,5,1.0000000000
063:FORESTPARK4,13,1.0000000000
063:FORESTPARK5,13,1.0000000000
063:FORESTPARK6,13,1.0000000000
063:JONESBORO1,13,1.0000000000
063:JONESBORO10,13,1.0000000000
063:JONESBORO11,13,1.0000000000
063:JONESBORO12,13,1.0000000000
063:JONESBORO13,13,1.0000000000
063:JONESBORO14,13,1.0000000000
063:JONESBORO15,13,1.0000000000
063:JONESBORO16,13,1.0000000000
063:JONESBORO17,13,1.0000000000
063:JONESBORO18,13,1.0000000000
063:JONESBORO19,13,1.0000000000
063:JONESBORO2,13,1.0000000000
063:JONESBORO20,13,1.0000000000
063:JONESBORO21,13,1.0000000000
063:JONESBORO22,13,1.0000000000
063:JONESBORO3,13,1.0000000000
063:JONESBORO4,13,1.0000000000
063:JONESBORO5,13,1.0000000000
063:JONESBORO6,13,1.0000000000
063:JONESBORO7,13,1.0000000000
063:JONESBORO8,13,1.0000000000
063:JONESBORO9,13,1.0000000000
063:LAKECITY,13,1.0000000000
063:LOVEJOY1,13,1.0000000000
063:LOVEJOY2,13,1.0000000000
063:LOVEJOY3,13,1.0000000000
063:LOVEJOY4,13,1.0000000000
063:LOVEJOY5,13,1.0000000000
063:LOVEJOY6,13,1.0000000000
063:LOVEJOY7,13,1.0000000000
063:LOVEJOY8,13,1.0000000000
063:MORROW1,13,1.0000000000
063:MORROW10,13,1.0000000000
063:MORROW11,13,1.0000000000
063:MORROW2,13,1.0000000000
063:MORROW3,13,1.0000000000
063:MORROW4,13,1.0000000000
063:MORROW5,13,1.0000000000
063:MORROW6,13,1.0000000000
063:MORROW7,13,1.0000000000
063:MORROW8,13,1.0000000000
063:MORROW9,13,1.0000000000
063:OAK1,5,1.0000000000
063:OAK2,5,1.0000000000
063:OAK3,5,1.0000000000
063:OAK4,5,1.0000000000
063:OAK5,5,1.0000000000
063:OAK6,5,1.0000000000
063:PANHANDLE1,13,1.0000000000
063:PANHANDLE2,13,1.0000000000
063:RIVERDALE1,13,1.0000000000
063:RIVERDALE10,13,1.0000000000
063:RIVERDALE11,13,1.0000000000
063:RIVERDALE12,13,1.0000000000
063:RIVERDALE2,13,1.0000000000
063:RIVERDALE3,13,1.0000000000
063:RIVERDALE4,13,1.0000000000
063:RIVERDALE5,13,1.0000000000
063:RIVERDALE6,13,1.0000000000
063:RIVERDALE7,13,1.0000000000
063:RIVERDALE8,13,1.0000000000
063:RIVERDALE9,13,1.0000000000
065:ARABIA,8,1.0000000000
065:ARGYLE,8,1.0000000000
065:DUPONT,8,1.0000000000
065:FARGO,8,1.0000000000
065:HOMERVILLE,8,1.0000000000
067:ACWORTH1A,11,1.0000000000
067:ACWORTH1B,11,1.0000000000
067:ACWORTH1C,11,1.0000000000
067:ADDISON01,6,1.0000000000
067:AUSTELL1A,14,1.0000000000
067:AUSTELL1B,14,1.0000000000
067:BAKER01,11,1.0000000000
067:BELLSFERRY02,6,1.0000000000
067:BELLSFERRY03,6,1.0000000000
067:BELLSFERRY04,6,1.0000000000
067:BIGSHANTY01,11,1.0000000000
067:BIGSHANTY02,11,1.0000000000
067:BIRNEY01,13,1.0000000000
067:BIRNEY02,13,1.0000000000
067:BLACKWELL01,6,1.0000000000
067:BRYANT01,13,1.0000000000
067:BRYANT02,13,1.0000000000
067:CHALKER01,11,1.0000000000
067:CHATTAHOOCHEE01,11,1.0000000000
067:CHEATHAMHILL02,11,1.0000000000
067:CHEATHAMHILL03,11,1.0000000000
067:CHESTNUTRIDGE01,6,1.0000000000
067:CLARKDALE01,14,1.0000000000
067:CLARKDALE02,14,1.0000000000
067:COOPER01,14,1.0000000000
067:DAVIS01,6,1.0000000000
067:DICKERSON01,6,1.0000000000
067:DOBBINS01,11,1.0000000000
067:DOBBINS02,11,1.0000000000
067:DODGEN01,6,1.0000000000
067:DOWELL01,11,1.0000000000
067:DURHAM01,11,1.0000000000
067:EASTPIEDMONT01,6,0.9094202899
067:EASTPIEDMONT01,11,0.0905797101
067:EASTSIDE01,6,1.0000000000
067:EASTSIDE02,6,0.1041740992
067:EASTSIDE02,11,0.8958259008
067:ELIZABETH01,6,0.0375640296
067:ELIZABETH01,11,0.9624359704
067:ELIZABETH02,6,1.0000000000
067:ELIZABETH03,6,1.0000000000
067:ELIZABETH04,6,1.0000000000
067:ELIZABETH05,6,1.0000000000
067:FAIROAKS02,13,1.0000000000
067:FAIROAKS04,11,1.0000000000
067:FORD01,11,1.0000000000
067:FREY01,11,1.0000000000
067:FULLERSPARK01,6,1.0000000000
067:GARRISONMILL01,6,1.0000000000
067:GRITTERS01,6,1.0000000000
067:HARMONYLELAND01,13,1.0000000000
067:HARMONYLELAND02,13,1.0000000000
067:HARRISON01,11,1.0000000000
067:HAYES01,11,1.0000000000
067:HIGHTOWER01,6,1.0000000000
067:KELL01,6,1.0000000000
067:KEMP01,11,1.0000000000
067:KEMP02,11,0.3850746269
067:KEMP02,14,0.6149253731
067:KEMP03,11,1.0000000000
067:KENNESAW1A,11,1.0000000000
067:KENNESAW2A,11,1.0000000000
067:KENNESAW3A,11,1.0000000000
067:KENNESAW4A,11,1.0000000000
067:KENNESAW5A,11,1.0000000000
067:LASSITER01,6,1.0000000000
067:LINDLEY01,13,1.0000000000
067:LOSTMOUNTAIN01,14,1.0000000000
067:LOSTMOUNTAIN02,11,1.0000000000
067:LOSTMOUNTAIN03,14,1.0000000000
067:LOSTMOUNTAIN04,11,1.0000000000
067:MABLETON01,13,0.8828178694
067:MABLETON01,14,0.1171821306
067:MABLETON02,13,0.6244979920
067:MABLETON02,14,0.3755020080
067:MABLETON03,13,1.0000000000
067:MABLETON04,13,1.0000000000
067:MABRY01,6,1.0000000000
067:MACLAND01,14,1.0000000000
067:MARIETTA1A,11,1.0000000000
067:MARIETTA2A,11,1.0000000000
067:MARIETTA2B,11,1.0000000000
067:MARIETTA3A,11,1.0000000000
067:MARIETTA3B,11,1.0000000000
067:MARIETTA4A,11,1.0000000000
067:MARIETTA4B,11,1.0000000000
067:MARIETTA4C,11,1.0000000000
067:MARIETTA5A,6,0.0041567696
067:MARIETTA5A,11,0.9958432304
067:MARIETTA5B,6,0.5560975610
067:MARIETTA5B,11,0.4439024390
067:MARIETTA6A,6,0.2489035088
067:MARIETTA6A,11,0.7510964912
067:MARIETTA6B,6,1.0000000000
067:MARIETTA7A,11,1.0000000000
067:MARSHILL01,11,1.0000000000
067:MARSHILL02,11,1.0000000000
067:MCCLESKEY01,6,1.0000000000
067:MCCLURE01,11,1.0000000000
067:MCEACHERN01,14,1.0000000000
067:MTBETHEL01,6,1.0000000000
067:MTBETHEL03,11,1.0000000000
067:MTBETHEL04,11,1.0000000000
067:MURDOCK01,6,1.0000000000
067:NICHOLSON01,6,1.0000000000
067:NICKAJACK01,11,0.9978708304
067:NICKAJACK01,13,0.0021291696
067:NORTHCOBB01,11,1.0000000000
067:NORTONPARK01,13,1.0000000000
067:OAKDALE01,11,0.8484117411
067:OAKDALE01,13,0.1515882589
067:OREGON01,14,1.0000000000
067:OREGON02,13,1.0000000000
067:OREGON03,11,1.0000000000
067:OREGON04,11,1.0000000000
067:OREGON05,11,0.7249796583
067:OREGON05,14,0.2750203417
067:PALMER01,6,0.5110246433
067:PALMER01,11,0.4889753567
067:PEBBLEBROOK01,13,1.0000000000
067:PINEMOUNTAIN01,11,1.0000000000
067:PINEMOUNTAIN02,11,1.0000000000
067:PITNER01,11,1.0000000000
067:POPE01,6,1.0000000000
067:POSTOAK01,6,1.0000000000
067:POWDERSPRINGS1A,14,1.0000000000
067:POWDERSPRINGS2A,14,1.0000000000
067:POWDERSPRINGS3A,14,1.0000000000
067:POWERSFERRY01,11,1.0000000000
067:RIVERSIDE01,13,1.0000000000
067:ROCKYMOUNT01,6,1.0000000000
067:ROSWELL01,6,1.0000000000
067:ROSWELL02,6,1.0000000000
067:SANDYPLAINS01,6,1.0000000000
067:SEWELLMILL01,6,1.0000000000
067:SEWELLMILL03,6,0.8200253485
067:SEWELLMILL03,11,0.1799746515
067:SHALLOWFORDFALLS01,6,1.0000000000
067:SIMPSON01,6,1.0000000000
067:SMYRNA1A,11,1.0000000000
067:SMYRNA2A,11,1.0000000000
067:SMYRNA3A,11,0.9875146313
067:SMYRNA3A,13,0.0124853687
067:SMYRNA3B,13,1.0000000000
067:SMYRNA4A,13,1.0000000000
067:SMYRNA5A,11,0.1984841307
067:SMYRNA5A,13,0.8015158693
067:SMYRNA6A,11,1.0000000000
067:SMYRNA7A,11,0.0136023577
067:SMYRNA7A,13,0.9863976423
067:SOPECREEK01,6,1.0000000000
067:SOPECREEK02,11,1.0000000000
067:SOPECREEK03,11,1.0000000000
067:SWEETWATER01,14,1.0000000000
067:SWEETWATER02,13,1.0000000000
067:TERRELLMILL01,11,1.0000000000
067:TIMBERRIDGE01,6,1.0000000000
067:VAUGHAN01,11,1.0000000000
067:VININGS01,11,1.0000000000
067:VININGS02,11,1.0000000000
067:VININGS03,11,1.0000000000
067:VININGS04,11,1.0000000000
067:WADEGREEN02,11,1.0000000000
067:WILLEO01,6,1.0000000000
069:AMBROSE,8,1.0000000000
069:BRIDGETOWN,8,1.0000000000
069:BROXTON,8,1.0000000000
069:DOUGLAS,8,1.0000000000
069:NICHOLLS,8,1.0000000000
069:WESTGREEN,8,1.0000000000
071:AUTREYVILLE,8,1.0000000000
071:BRIDGECREEK,8,1.0000000000
071:CROSLAND,8,1.0000000000
071:DOERUN,8,1.0000000000
071:FUNSTON,8,1.0000000000
071:HAMILTON,8,1.0000000000
071:HARTSFIELD,8,1.0000000000
071:HOPEWELL,8,1.0000000000
071:LEE,8,1.0000000000
071:MILLCREEK,8,1.0000000000
071:MONK,8,1.0000000000
071:MOULTRIE,8,1.0000000000
071:MURPHY,8,1.0000000000
071:NORMANPARK,8,1.0000000000
071:ROBINSON,8,1.0000000000
071:SHAW,8,1.0000000000
071:THIGPEN,8,1.0000000000
071:TYTY,8,1.0000000000
071:WARRIOR,8,1.0000000000
073:ABILENEBAPTIST,12,1.0000000000
073:ACSFURYSFERRYRDCAMPUS,12,1.0000000000
073:AUGUSTACHRISTIAN,12,1.0000000000
073:BELAIRBAPTISTCHURCH,12,1.0000000000
073:BESSIETHOMASCENTER,12,1.0000000000
073:BLANCHARDPARK,12,1.0000000000
073:BLUERIDGEELEMENTARY,12,1.0000000000
073:CHRISTCHURCHPRESBYTERIAN,12,1.0000000000
073:CHRISTSANCTIFIED,12,1.0000000000
073:CHRISTTHEKINGCHURCH,12,1.0000000000
073:CHURCHOFOURSAVIOR,12,1.0000000000
073:COLCTYBOARDOFEDU,12,1.0000000000
073:COLCTYMAINLIBRARY,12,1.0000000000
073:COLUMBIACOFIREHDQTR,12,1.0000000000
073:COLUMBIACOHEALTHDEPT,12,1.0000000000
073:DAMASCUSBAPTCHURCH,12,1.0000000000
073:EUBANKBLANCHARDCTR,12,1.0000000000
073:GAAPOSTOLICCHURCH,12,1.0000000000
073:GOLDCROSSEMS,12,1.0000000000
073:GOSPELWATERBRANCH,12,1.0000000000
073:GRACEBAPTISTCHURCH,12,1.0000000000
073:GREENBRIERHIGH,12,1.0000000000
073:GROVEFIRSTBAPTISTCHURCH,12,1.0000000000
073:GROVETOWNDEPTOFPUBLICSAFETYSTATION2,12,1.0000000000
073:GROVETOWNMETHODIST,12,1.0000000000
073:HARLEMBRANCHLIBRARY,12,1.0000000000
073:HARLEMSENIORCENTER,12,1.0000000000
073:JOURNEYCOMMCHURCH,12,1.0000000000
073:KIOKEEBAPTCHURCH,12,1.0000000000
073:LAKESIDEMIDDLE,12,1.0000000000
073:LEWISMETHODIST,12,1.0000000000
073:LIBERTYPARKGROVETOWN,12,1.0000000000
073:MARTINEZBAPTIST,12,1.0000000000
073:MARVINMETHODIST,12,1.0000000000
073:NEWLIFECHURCH,12,1.0000000000
073:PARKWAYBAPTISTCHURCH,12,1.0000000000
073:PARKWAYELEMENTARY,12,1.0000000000
073:PATRIOTSPARK,12,1.0000000000
073:PHILADELPHIACHURCH,12,1.0000000000
073:RIVERVIEWCHURCH,12,1.0000000000
073:SAVANNAHRAPIDSPAVILION,12,1.0000000000
073:SECONDMOUNTMORIAHBAPTISTCHURCH,12,1.0000000000
073:SECONDMTCARMELBAPTISTCHURCH,12,1.0000000000
073:STEVENSCREEKCHURCH,12,1.0000000000
073:STEVENSCREEKCHURCHGROVETOWN,12,1.0000000000
073:TRINITYBAPTCHURCH,12,1.0000000000
073:WESLEYMETHODIST,12,1.0000000000
073:WESTACRESBAPTIST,12,1.0000000000
073:WESTSIDEBAPTCHURCH,12,1.0000000000
073:WOODLAWNBAPTCHURCH,12,1.0000000000
075:CECIL,8,1.0000000000
075:DELLEBEAMGUARD,8,1.0000000000
075:ELMPINE,8,1.0000000000
075:LENOX,8,1.0000000000
075:MASSEE,8,1.0000000000
075:NEWLIFEBAPTISTCHURCH,8,1.0000000000
075:RIVERBEND,8,1.0000000000
075:SPARKS,8,1.0000000000
077:CANNONGATE,3,1.0000000000
077:CENTRAL,3,1.0000000000
077:COWETACENTRALLIBRARY,3,1.0000000000
077:DRESDEN,3,1.0000000000
077:EXPOCENTER,3,1.0000000000
077:FISCHERROAD,3,1.0000000000
077:GRANTVILLE,3,1.0000000000
077:GREENTOP,3,1.0000000000
077:HARALSON,3,1.0000000000
077:MADRAS,3,1.0000000000
077:MORELAND,3,1.0000000000
077:NEWNAN,3,1.0000000000
077:NEWNANCENTRE,3,1.0000000000
077:NORTHSIDE,3,1.0000000000
077:PANTHERCREEK,3,1.0000000000
077:PINEROAD,3,1.0000000000
077:RAYMOND,3,1.0000000000
077:SENOIA,3,1.0000000000
077:SHARPSBURG,3,1.0000000000
077:SMOKEYROAD,3,1.0000000000
077:THOMASCROSSROADS,3,1.0000000000
077:TURIN,3,1.0000000000
077:WELCOME,3,1.0000000000
077:WESTSIDE,3,1.0000000000
077:WHITEOAK,3,1.0000000000
079:DISTRICT1,2,1.0000000000
079:DISTRICT2,2,1.0000000000
079:DISTRICT3,2,1.0000000000
079:DISTRICT4,2,1.0000000000
079:DISTRICT5,2,1.0000000000
081:ARABI,8,1.0000000000
081:CONEY,8,1.0000000000
081:CORDELE,8,1.0000000000
081:JAMESTOWN,8,1.0000000000
081:LISTONIA,8,1.0000000000
083:DAVIS,14,1.0000000000
083:NEWHOME,14,1.0000000000
083:NEWSALEM,14,1.0000000000
083:NORTHDADE,14,1.0000000000
083:SOUTHDADE,14,1.0000000000
083:TRENTON,14,1.0000000000
083:WESTBROW,14,1.0000000000
085:CENTRAL,6,1.0000000000
085:EAST,6,1.0000000000
085:WEST,6,1.0000000000
087:ATTAPULGUS,2,1.0000000000
087:BAINBRIDGECOLISEUM,2,1.0000000000
087:BAINBRIDGEFAIRGROUNDS,2,1.0000000000
087:BRINSON,2,1.0000000000
087:CLIMAX,2,1.0000000000
087:KENDRICK,2,1.0000000000
087:KIRBOCENTER,2,1.0000000000
087:MTPLEASANT,2,1.0000000000
087:RECOVERY,2,1.0000000000
087:WESTBAINBRIDGE,2,1.0000000000
089:ALLGOODELEM,4,1.0000000000
089:ASHFORDDUNWOODYRD,4,1.0000000000
089:ASHFORDPARKELEM,4,1.0000000000
089:ASHFORDPARKSIDE,4,1.0000000000
089:AUSTIN,4,1.0000000000
089:AUSTINDRIVE,4,1.0000000000
089:AVONDALE,4,0.1094627105
089:AVONDALE,5,0.8905372895
089:AVONDALEHIGH,5,1.0000000000
089:BETHUNEMIDDLE,4,1.0000000000
089:BOULDERCRESTROAD,5,1.0000000000
089:BOULEVARD,5,1.0000000000
089:BRIARCLIFF,4,1.0000000000
089:BRIARLAKEELEM,4,1.0000000000
089:BRIARVISTAELEM,4,1.0000000000
089:BRIARWOOD,4,1.0000000000
089:BROCKETT,4,1.0000000000
089:BROCKETTELEM,4,1.0000000000
089:BROOKHAVEN,4,1.0000000000
089:BROWNSMILLELEM,4,1.0000000000
089:BURGESSELEM,5,1.0000000000
089:CANBYLANEELEM,4,1.0000000000
089:CANDLER,5,1.0000000000
089:CANDLERMURPHEYCANDLERELEM,4,1.0000000000
089:CANDLERPARK,5,1.0000000000
089:CEDARGROVEELEM,5,1.0000000000
089:CEDARGROVEMIDDLE,5,1.0000000000
089:CEDARGROVESOUTH,5,1.0000000000
089:CHAMBLEE,4,1.0000000000
089:CHAMBLEE2,4,1.0000000000
089:CHAPELHILLELEM,4,1.0000000000
089:CHESNUTELEM,4,1.0000000000
089:CLAIREMONTEAST,5,1.0000000000
089:CLAIREMONTWEST,5,1.0000000000
089:CLAIRMONTROAD,4,1.0000000000
089:CLARKSTON,4,1.0000000000
089:CLARKSTONCOMMUNITYCENTER,4,1.0000000000
089:CLIFTON,5,1.0000000000
089:COANRECREATIONCENTER,5,1.0000000000
089:COLUMBIADRIVE,4,1.0000000000
089:COLUMBIAELEM,5,1.0000000000
089:COLUMBIAMIDDLE,5,1.0000000000
089:CORALWOOD,4,1.0000000000
089:COVINGTON,4,1.0000000000
089:COVINGTONHWY,4,1.0000000000
089:CROSSKEYSHIGH,4,1.0000000000
089:CROSSROADS,4,1.0000000000
089:DECATUR,5,1.0000000000
089:DORAVILLENORTH,4,1.0000000000
089:DORAVILLESOUTH,4,1.0000000000
089:DRESDENELEM,4,1.0000000000
089:DRUIDHILLSHIGH,5,1.0000000000
089:DUNAIREELEM,4,1.0000000000
089:DUNWOODY,4,1.0000000000
089:DUNWOODY2,4,1.0000000000
089:DUNWOODYLIBRARY,4,1.0000000000
089:EASTLAKE,5,1.0000000000
089:EMBRYHILLS,4,1.0000000000
089:EMORYROAD,5,1.0000000000
089:EMORYSOUTH,5,1.0000000000
089:EVANSDALEELEM,4,1.0000000000
089:FAIRINGTONELEM,4,1.0000000000
089:FERNBANKELEM,5,1.0000000000
089:FLAKESMILL,4,1.0000000000
089:FLATROCKELEM,4,1.0000000000
089:FLATSHOALS,5,1.0000000000
089:FLATSHOALSELEM,5,1.0000000000
089:FLATSHOALSLIBRARY,5,1.0000000000
089:FLATSHOALSPARKWAY,4,1.0000000000
089:FREEDOMMIDDLE,4,1.0000000000
089:GEORGETOWNSQ,4,1.0000000000
089:GLENHAVEN,4,1.0000000000
089:GLENNWOOD,5,1.0000000000
089:GLENWOODROAD,4,1.0000000000
089:GRESHAMROAD,5,1.0000000000
089:HAMBRICKELEM,4,1.0000000000
089:HARRISMARGARETHARRISED,4,1.0000000000
089:HARRISNARVIEJHARRISELEM,4,1.0000000000
089:HAWTHORNEELEM,4,1.0000000000
089:HENDERSONMILL,4,1.0000000000
089:HUGHHOWELL,4,1.0000000000
089:HUNTLEYHILLSELEM,4,1.0000000000
089:IDLEWOODELEM,4,1.0000000000
089:INDIANCREEK,4,1.0000000000
089:JOHNSONESTATES,5,1.0000000000
089:JOLLYELEM,4,1.0000000000
089:KELLEYCHAPELROAD,4,1.0000000000
089:KELLEYLAKEELEM,5,1.0000000000
089:KINGSLEYELEM,4,1.0000000000
089:KITTREDGEELEM,4,1.0000000000
089:KNOLLWOOD,5,1.0000000000
089:LAKESIDEHIGH,4,1.0000000000
089:LAVISTA,4,1.0000000000
089:LAVISTAROAD,4,1.0000000000
089:LINMARYLINELEM,5,1.0000000000
089:LITHONIA,4,1.0000000000
089:LITHONIAHIGH,4,1.0000000000
089:LIVSEYELEM,4,1.0000000000
089:MARBUTELEM,4,1.0000000000
089:MATHISBOBMATHISELEM,4,1.0000000000
089:MCLENDON,4,1.0000000000
089:MCNAIR,5,1.0000000000
089:MCNAIRACADEMY,5,1.0000000000
089:MCNAIRHIGH,5,1.0000000000
089:MCWILLIAMS,4,1.0000000000
089:MEADOWVIEW,5,1.0000000000
089:MEDLOCK,4,1.0000000000
089:MEMORIALSOUTH,4,1.0000000000
089:METROPOLITAN,5,1.0000000000
089:MIDVALEELEM,4,1.0000000000
089:MIDVALEROAD,4,1.0000000000
089:MIDWAY,4,1.0000000000
089:MILLERELDRIDGELMILLERELEM,4,1.0000000000
089:MILLERGROVE,4,1.0000000000
089:MILLERGROVEHIGH,4,1.0000000000
089:MILLERGROVEROAD,4,1.0000000000
089:MONTCLAIRELEM,4,1.0000000000
089:MONTGOMERYELEM,4,1.0000000000
089:MONTREAL,4,1.0000000000
089:MOUNTVERNONEAST,4,1.0000000000
089:MOUNTVERNONWEST,4,1.0000000000
089:NORTHDECATUR,4,0.5522243714
089:NORTHDECATUR,5,0.4477756286
089:NORTHHAIRSTON,4,1.0000000000
089:NORTHLAKE,4,1.0000000000
089:NORTHPEACHTREE,4,1.0000000000
089:OAKCLIFFELEM,4,1.0000000000
089:OAKGROVEELEM,4,1.0000000000
089:OAKHURST,5,1.0000000000
089:OAKVIEWELEM,5,1.0000000000
089:PANOLA,4,1.0000000000
089:PANOLAROAD,4,1.0000000000
089:PANOLAWAYELEM,4,1.0000000000
089:PEACHCREST,4,1.0000000000
089:PEACHTREEMIDDLE,4,1.0000000000
089:PINELAKE,4,1.0000000000
089:PINEYGROVE,5,1.0000000000
089:PLEASANTDALEROAD,4,1.0000000000
089:PONCEDELEON,5,1.0000000000
089:PRINCETONELEM,4,1.0000000000
089:RAINBOWELEM,4,1.0000000000
089:REDANELEM,4,1.0000000000
089:REDANMIDDLE,4,1.0000000000
089:REDANROAD,4,1.0000000000
089:REDANTROTTILIBRARY,4,1.0000000000
089:REHOBOTH,4,1.0000000000
089:ROCKBRIDGEELEM,4,1.0000000000
089:ROCKBRIDGEROAD,4,1.0000000000
089:ROCKCHAPELELEM,4,1.0000000000
089:ROCKCHAPELROAD,4,1.0000000000
089:ROWLANDELEM,4,1.0000000000
089:ROWLANDROAD,4,1.0000000000
089:SAGAMOREHILLSELEM,4,1.0000000000
089:SALEMMIDDLE,4,1.0000000000
089:SCOTT,4,0.6320224719
089:SCOTT,5,0.3679775281
089:SHADOWROCKELEM,4,1.0000000000
089:SHAMROCK,4,1.0000000000
089:SHAWROBERTSHAWELEM,4,1.0000000000
089:SILVERLAKE,4,1.0000000000
089:SKYLAND,4,1.0000000000
089:SMOKERISE,4,1.0000000000
089:SNAPFINGERELEM,4,1.0000000000
089:SNAPFINGERROAD,4,1.0000000000
089:SNAPFINGERROADN,4,1.0000000000
089:SNAPFINGERROADS,4,1.0000000000
089:SOUTHDESHON,4,1.0000000000
089:SOUTHHAIRSTON,4,1.0000000000
089:STEPHENSONHIGH,4,1.0000000000
089:STEPHENSONMIDDLE,4,1.0000000000
089:STONECRESTLIBRARY,4,1.0000000000
089:STONEMILLELEM,4,1.0000000000
089:STONEMOUNTAINELEM,4,1.0000000000
089:STONEMTN,4,1.0000000000
089:STONEMTNCHAMPION,4,1.0000000000
089:STONEMTNMIDDLE,4,1.0000000000
089:STONEVIEWELEM,4,1.0000000000
089:TERRYMILL,5,1.0000000000
089:TILLYMILLROAD,4,1.0000000000
089:TONEYELEM,5,1.0000000000
089:TUCKER,4,1.0000000000
089:TUCKERLIBRARY,4,1.0000000000
089:VALLEYBROOK,4,1.0000000000
089:WADSWORTH,5,1.0000000000
089:WARRENTECH,4,1.0000000000
089:WESLEYCHAPELLIBRARY,4,1.0000000000
089:WHITEOAK,4,1.0000000000
089:WINNONAPARK,5,1.0000000000
089:WINTERSCHAPEL,4,1.0000000000
089:WOODRIDGEELEM,4,1.0000000000
089:WOODROWROAD,4,1.0000000000
089:WOODWARD,4,1.0000000000
089:WYNBROOKEELEM,4,1.0000000000
089:YOUNGROAD,4,1.0000000000
091:CHAUNCEY,8,1.0000000000
091:CLARK,8,1.0000000000
091:EDDIN,8,1.0000000000
091:EMPIRE,8,1.0000000000
091:JAYBIRD,8,1.0000000000
091:JONES,8,1.0000000000
091:LEE,8,1.0000000000
091:MCCRANIE,8,1.0000000000
091:MILAN,8,1.0000000000
091:MITCHELL,8,1.0000000000
091:MULLIS,8,1.0000000000
091:PLAINFIELD,8,1.0000000000
091:PONDTOWN,8,1.0000000000
091:RAWLINS,8,1.0000000000
091:VILULA,8,1.0000000000
091:YONKER,8,1.0000000000
093:BYROMVILLE,2,1.0000000000
093:LILLY,2,1.0000000000
093:PINEHURST,2,1.0000000000
093:UNADILLA,2,1.0000000000
093:VIENNA,2,1.0000000000
095:2NDMTZIONCHURCH,2,1.0000000000
095:ALBANYMIDDLESCHOOL,2,1.0000000000
095:ALICECOACHMANELEMENTARY,2,1.0000000000
095:ASUEASTCAMPUSLOVETTHALL,2,1.0000000000
095:ASUWESTCAMPUS,2,1.0000000000
095:BILLMILLERCOMMUNITYCENTER,2,1.0000000000
095:CHRISTCHURCH,2,1.0000000000
095:COVENANTCHURCH,2,1.0000000000
095:DRISKELLCOMMUNITYCENTER,2,1.0000000000
095:GREENBRIARCHURCH,2,1.0000000000
095:INTERNATIONALSTUDIES,2,1.0000000000
095:LAMARREESEELEMENTARYSCHOOL,2,1.0000000000
095:LITMANCATHEDRAL,2,1.0000000000
095:MERRYACRESMIDDLE,2,1.0000000000
095:MTZIONCENTER,2,1.0000000000
095:PHOEBEEAST,2,1.0000000000
095:PHOEBEHEALTHWORKS,2,1.0000000000
095:PINEBLUFFBAPTISTCHURCH,2,1.0000000000
095:PUTNEY1STBAPTISTCHURCH,2,1.0000000000
095:RADIUMMIDDLESCHOOL,2,1.0000000000
095:ROBERTHHARVEYELEMENTARY,2,1.0000000000
095:SHERWOODELEMENTARYSCHOOL,2,1.0000000000
095:SHILOHBAPTISTCHURCH,2,1.0000000000
095:TURNERELEMENTARYSCHOOL,2,1.0000000000
095:WESTOVERHIGHSCHOOL,2,1.0000000000
095:WESTOWNELEMENTARYSCHOOL,2,1.0000000000
097:ARBORSTATION,13,1.0000000000
097:ATLANTAWESTPENTECOSTAL,13,1.0000000000
097:BEULAHBAPTISTCHURCH,13,1.0000000000
097:BOUNDARYWATERS,13,1.0000000000
097:BRIGHTSTAR,3,1.0000000000
097:CHAPELHILL,13,1.0000000000
097:CHESTNUTLOG,13,1.0000000000
097:CHURCHATCHAPELHILL,13,1.0000000000
097:DEERLICK,13,1.0000000000
097:DOGRIVERLIBRARY,3,1.0000000000
097:DORSETTSHOALS,3,1.0000000000
097:EPHESUSBAPTISTCHURCH,3,1.0000000000
097:FACTORYSHOALS,13,1.0000000000
097:FIRSTBAPTISTDOUGLASVILLE,13,1.0000000000
097:FIRSTBAPTISTLITHIASPRINGS,13,1.0000000000
097:GOLDENMETHODISTCHURCH,13,1.0000000000
097:LITHIASPRINGSHIGHSCHOOL,13,1.0000000000
097:LUTHERANCHURCHGS,13,1.0000000000
097:MIRRORLAKEELEMENTARY,3,1.0000000000
097:OLDCOURTHOUSE,13,1.0000000000
097:PRAYSMILLGYM,3,0.9508196721
097:PRAYSMILLGYM,13,0.0491803279
097:STEWART,13,1.0000000000
097:STJULIANSEPISCOPAL,3,0.6601248885
097:STJULIANSEPISCOPAL,13,0.3398751115
097:TURNER,13,1.0000000000
097:WINSTON,3,1.0000000000
099:ARLINGTON,2,1.0000000000
099:BLAKELY,2,1.0000000000
099:CEDARSPRINGS,2,1.0000000000
099:CUBA,2,1.0000000000
099:URQUHART,2,1.0000000000
101:STATENVILLE,8,1.0000000000
103:1A,1,1.0000000000
103:1B,1,1.0000000000
103:1C,1,1.0000000000
103:1D,1,1.0000000000
103:2A,1,1.0000000000
103:2B,1,1.0000000000
103:2C,1,1.0000000000
103:2D,1,1.0000000000
103:3A,12,1.0000000000
103:3B,12,1.0000000000
103:3C,12,1.0000000000
103:3D,12,1.0000000000
103:3E,1,1.0000000000
103:4A,12,1.0000000000
103:4B,1,1.0000000000
103:4C,1,1.0000000000
103:5A,1,0.7668054729
103:5A,12,0.2331945271
103:5B,1,1.0000000000
103:5C,1,1.0000000000
103:5D,1,1.0000000000
105:CENTERVILLE,10,1.0000000000
105:ELBERTON,10,1.0000000000
105:ELIAM,10,1.0000000000
105:GAINES,10,1.0000000000
105:GOSHEN,10,1.0000000000
105:LONGSTREET,10,1.0000000000
105:MOSSRUCKERSVILLE,10,1.0000000000
105:PETERSBURG,10,1.0000000000
105:PIKE,10,1.0000000000
105:WEBBSBORO,10,1.0000000000
105:WYCHE,10,1.0000000000
107:ADRIAN,12,1.0000000000
107:BLUNDALE,12,1.0000000000
107:CANOOCHEE,12,1.0000000000
107:CROSSGREEN,12,1.0000000000
107:GARFILED,12,1.0000000000
107:NUNEZ,12,1.0000000000
107:OAKPARK,12,1.0000000000
107:STILLMORE,12,1.0000000000
107:SUMMERTON,12,1.0000000000
107:SWAINSBORO,12,1.0000000000
107:TWINCITY,12,1.0000000000
109:VETERANSCOMMUNITYCENTER,12,1.0000000000
111:COLWELL,9,1.0000000000
111:FAIRPLAY,9,1.0000000000
111:FLINTHILL,9,1.0000000000
111:HEMPTOWN,9,1.0000000000
111:HOTHOUSE,9,1.0000000000
111:MINERALBLUFF,9,1.0000000000
111:MOBILE,9,1.0000000000
111:MORGANTON,9,1.0000000000
111:NOONTOOTLA,9,1.0000000000
111:SKENIAH,9,1.0000000000
111:SUGARCREEK,9,1.0000000000
111:TOCCOA,9,1.0000000000
113:ABERDEEN,3,1.0000000000
113:ANTIOCH,3,1.0000000000
113:BANKS,13,1.0000000000
113:BLACKROCK,3,1.0000000000
113:BRAELINN,3,1.0000000000
113:BROOKS,3,1.0000000000
113:CAMPCREEK,3,1.0000000000
113:DOGWOOD,3,1.0000000000
113:EUROPE,13,1.0000000000
113:FAYETTEVILLEEAST,3,1.0000000000
113:FAYETTEVILLEWEST,3,1.0000000000
113:FIELDINGRIDGE,3,1.0000000000
113:FLATCREEK,3,1.0000000000
113:FLINT,3,1.0000000000
113:HARPSCROSSING,3,1.0000000000
113:HOPEFUL,13,1.0000000000
113:JEFFDAVIS,3,1.0000000000
113:KEDRON,3,1.0000000000
113:KENWOOD,13,1.0000000000
113:MCINTOSH,3,1.0000000000
113:MORNINGCREEK,13,1.0000000000
113:MURPHY,3,1.0000000000
113:OAKGROVE,3,1.0000000000
113:OAKRIDGE,13,1.0000000000
113:RAREOVER,3,1.0000000000
113:RISINGSTAR,3,1.0000000000
113:SANDYCREEK,3,1.0000000000
113:SHAKERAGEAST,3,1.0000000000
113:SHAKERAGWEST,3,1.0000000000
113:SPRINGHILL,3,1.0000000000
113:STARRSMILL,3,1.0000000000
113:WHITEWATER,3,1.0000000000
113:WILLOWBEND,3,1.0000000000
113:WILLOWPOND,3,1.0000000000
113:WINDGATE,3,1.0000000000
113:WOOLSEY,3,1.0000000000
115:ALTOPARK,14,1.0000000000
115:ARMUCHEE,14,1.0000000000
115:BARKERS,14,1.0000000000
115:CAVESPRING,14,1.0000000000
115:CHULIO,14,1.0000000000
115:EASTLINDALE,14,1.0000000000
115:EASTROME,14,1.0000000000
115:ETOWAH,14,1.0000000000
115:EVERETTSPRINGS,14,1.0000000000
115:FLOYDSPRINGS,14,1.0000000000
115:FOSTERSMILL,14,1.0000000000
115:GARDENLAKES,14,1.0000000000
115:GLENWOOD,14,1.0000000000
115:HOWELL,14,1.0000000000
115:MTALTONORTH,14,1.0000000000
115:MTALTOSOUTH,14,1.0000000000
115:NORTHCAROLINA,14,1.0000000000
115:NORTHROME,14,1.0000000000
115:RIVERSIDE,14,1.0000000000
115:SOUTHROME,14,1.0000000000
115:TEXASVALLEY,14,1.0000000000
115:TOWNROME,14,1.0000000000
115:VANNSVALLEY,14,1.0000000000
115:WATTERS,14,1.0000000000
115:WESTLINDALE,14,1.0000000000
117:01BIGCREEK,6,1.0000000000
117:02BRANDYWINE,6,1.0000000000
117:04CHESTATEE,6,1.0000000000
117:05COALMOUNTAIN,6,1.0000000000
117:06CROSSROADS,6,1.0000000000
117:07CUMMING,6,1.0000000000
117:08MASHBURN,6,1.0000000000
117:10MIDWAY,6,1.0000000000
117:15HEARDSVILLE,6,1.0000000000
117:16OTWELL,6,1.0000000000
117:19OLDATLANTA,6,1.0000000000
117:21SOUTHFORSYTH,6,1.0000000000
117:25WINDERMERE,6,1.0000000000
117:27CONCORD,6,1.0000000000
117:34FOWLER,6,1.0000000000
117:35JOHNSCREEK,6,1.0000000000
117:36NICHOLS,6,1.0000000000
117:38DAVESCREEK,6,1.0000000000
117:39MATHIS,6,1.0000000000
117:40WESTFORSYTH,6,1.0000000000
117:41GRASSLAND,6,1.0000000000
117:42KEITHBRIDGE,6,1.0000000000
117:43LAKELAND,6,1.0000000000
117:44LANIER,6,1.0000000000
117:45MOUNTAINSIDE,6,1.0000000000
117:46SAWMILLBRANCH,6,1.0000000000
117:47RIVERCLUB,6,1.0000000000
117:49CHEATAMCREEK,6,1.0000000000
119:CANON,9,1.0000000000
119:CARNESVILLE,9,1.0000000000
119:LAVONIA,9,1.0000000000
119:NORTHEASTFRANKLIN,9,1.0000000000
119:ROYSTON,9,1.0000000000
119:SOUTHWESTFRANKLIN,9,1.0000000000
119:WESTFRANKLIN,9,1.0000000000
121:01A,5,1.0000000000
121:01B,5,1.0000000000
121:01C,5,1.0000000000
121:01D,5,1.0000000000
121:01E,5,1.0000000000
121:01F,5,1.0000000000
121:01G,5,1.0000000000
121:01H,5,1.0000000000
121:01I,5,1.0000000000
121:01J,5,1.0000000000
121:01P,5,1.0000000000
121:01R,5,1.0000000000
121:01S,5,1.0000000000
121:01T,5,1.0000000000
121:02A,5,1.0000000000
121:02A1,5,1.0000000000
121:02B,5,1.0000000000
121:02C,5,1.0000000000
121:02D,5,1.0000000000
121:02E,5,1.0000000000
121:02F1,5,1.0000000000
121:02F2,5,1.0000000000
121:02G,5,1.0000000000
121:02J,5,1.0000000000
121:02K,5,1.0000000000
121:02L1,5,1.0000000000
121:02L1A,5,1.0000000000
121:02L2,5,1.0000000000
121:02S,5,1.0000000000
121:02W,5,1.0000000000
121:03A,5,1.0000000000
121:03B,5,1.0000000000
121:03C,5,1.0000000000
121:03D,5,1.0000000000
121:03E,5,1.0000000000
121:03F,5,1.0000000000
121:03G,5,1.0000000000
121:03H,5,1.0000000000
121:03I,5,1.0000000000
121:03L,5,1.0000000000
121:03M,5,1.0000000000
121:03N,5,1.0000000000
121:03P1A,5,1.0000000000
121:03P1B,5,1.0000000000
121:03P2,5,1.0000000000
121:03S,5,1.0000000000
121:03T,5,1.0000000000
121:04A,5,1.0000000000
121:04B,5,1.0000000000
121:04C,5,1.0000000000
121:04D,5,1.0000000000
121:04F,5,1.0000000000
121:04G,5,1.0000000000
121:04I,5,1.0000000000
121:04J,5,1.0000000000
121:04K,5,1.0000000000
121:04L,5,1.0000000000
121:04M,5,1.0000000000
121:04S,5,1.0000000000
121:04T,5,1.0000000000
121:04V,5,1.0000000000
121:04W,5,1.0000000000
121:04X1,5,1.0000000000
121:04X2,5,1.0000000000
121:05A1,5,1.0000000000
121:05A2,5,1.0000000000
121:05B,5,1.0000000000
121:05C,5,1.0000000000
121:05D,5,1.0000000000
121:05F,5,1.0000000000
121:05J,5,1.0000000000
121:05K,5,1.0000000000
121:06B,5,1.0000000000
121:06D,5,1.0000000000
121:06D1,5,1.0000000000
121:06D2,5,1.0000000000
121:06E,5,1.0000000000
121:06F,5,1.0000000000
121:06G,5,1.0000000000
121:06I,5,1.0000000000
121:06J,5,1.0000000000
121:06L1,5,1.0000000000
121:06L2,5,1.0000000000
121:06N,5,1.0000000000
121:06Q,5,1.0000000000
121:06R,5,1.0000000000
121:07A,5,1.0000000000
121:07A1,5,1.0000000000
121:07B,5,1.0000000000
121:07C,5,1.0000000000
121:07D,5,1.0000000000
121:07D1,5,1.0000000000
121:07E,5,1.0000000000
121:07F,5,1.0000000000
121:07H,5,1.0000000000
121:07J,5,1.0000000000
121:07M,5,1.0000000000
121:07N,5,1.0000000000
121:08A,5,1.0000000000
121:08B,5,1.0000000000
121:08C,5,1.0000000000
121:08C1,5,1.0000000000
121:08D,5,1.0000000000
121:08E,5,1.0000000000
121:08F1,5,1.0000000000
121:08F2,5,1.0000000000
121:08G,5,1.0000000000
121:08H,5,1.0000000000
121:08J,5,1.0000000000
121:08K,5,1.0000000000
121:08L,5,1.0000000000
121:08M,5,1.0000000000
121:08N1,5,1.0000000000
121:08N2,5,1.0000000000
121:08P,5,1.0000000000
121:09A,5,1.0000000000
121:09B,5,1.0000000000
121:09C,5,1.0000000000
121:09D,5,1.0000000000
121:09E,5,1.0000000000
121:09F,5,1.0000000000
121:09G,5,1.0000000000
121:09H,5,1.0000000000
121:09I,5,1.0000000000
121:09K,5,1.0000000000
121:09K1,5,1.0000000000
121:09M,5,1.0000000000
121:10A,5,1.0000000000
121:10B,5,1.0000000000
121:10C,5,1.0000000000
121:10D,5,1.0000000000
121:10D1,5,1.0000000000
121:10D2,5,1.0000000000
121:10E,5,1.0000000000
121:10F,5,1.0000000000
121:10G,5,1.0000000000
121:10H1,5,1.0000000000
121:10H2,5,1.0000000000
121:10I,5,1.0000000000
121:10J,5,1.0000000000
121:10K,5,1.0000000000
121:10M,5,1.0000000000
121:10P,5,1.0000000000
121:10R,5,1.0000000000
121:11B,5,1.0000000000
121:11B1,5,1.0000000000
121:11B2,5,1.0000000000
121:11C,5,1.0000000000
121:11C2,5,1.0000000000
121:11C3,13,1.0000000000
121:11E1,5,1.0000000000
121:11E2,5,1.0000000000
121:11E3,5,1.0000000000
121:11G,5,1.0000000000
121:11H,5,1.0000000000
121:11J,5,1.0000000000
121:11K,5,1.0000000000
121:11M,5,1.0000000000
121:11M1,5,1.0000000000
121:11N,5,1.0000000000
121:11P,5,1.0000000000
121:11R,5,1.0000000000
121:12A,5,1.0000000000
121:12A1,5,1.0000000000
121:12D,5,1.0000000000
121:12E1,5,1.0000000000
121:12E2,5,1.0000000000
121:12F,5,1.0000000000
121:12G,5,1.0000000000
121:12H1,5,1.0000000000
121:12H2,5,1.0000000000
121:12I,5,1.0000000000
121:12J,5,1.0000000000
121:12K,5,1.0000000000
121:12L,5,1.0000000000
121:12M,5,1.0000000000
121:12N,5,1.0000000000
121:12S,5,1.0000000000
121:AP01A,6,1.0000000000
121:AP01B,6,1.0000000000
121:AP01C,6,1.0000000000
121:AP01D,6,1.0000000000
121:AP01E,6,1.0000000000
121:AP021,6,1.0000000000
121:AP022,6,1.0000000000
121:AP023,6,1.0000000000
121:AP02B,6,1.0000000000
121:AP03,6,1.0000000000
121:AP04A,6,1.0000000000
121:AP04B,6,1.0000000000
121:AP05,6,1.0000000000
121:AP06,6,1.0000000000
121:AP07A,6,1.0000000000
121:AP07B,6,1.0000000000
121:AP07C,6,1.0000000000
121:AP09A,6,1.0000000000
121:AP09B,6,1.0000000000
121:AP10,6,1.0000000000
121:AP12A,6,1.0000000000
121:AP12B,6,1.0000000000
121:AP12C,6,1.0000000000
121:AP12D,6,1.0000000000
121:AP14,7,1.0000000000
121:AP14A,7,1.0000000000
121:CH01,13,1.0000000000
121:CH02,13,1.0000000000
121:CH03,13,1.0000000000
121:CH04A,13,1.0000000000
121:CH04B,13,1.0000000000
121:CH05,13,1.0000000000
121:CP011,5,1.0000000000
121:CP012,5,1.0000000000
121:CP01B,5,1.0000000000
121:CP02,5,1.0000000000
121:CP04A,5,1.0000000000
121:CP04B,5,1.0000000000
121:CP051,5,1.0000000000
121:CP052,13,1.0000000000
121:CP05B,13,1.0000000000
121:CP05C,13,1.0000000000
121:CP06A,13,1.0000000000
121:CP06B,13,1.0000000000
121:CP07A,5,1.0000000000
121:CP07B,5,1.0000000000
121:CP07C,5,1.0000000000
121:CP07D,5,1.0000000000
121:CP07E,5,1.0000000000
121:CP07F,5,1.0000000000
121:CP081,13,1.0000000000
121:CP083,13,1.0000000000
121:CP084,13,1.0000000000
121:CP08A,13,1.0000000000
121:EP01A,5,1.0000000000
121:EP01B,5,1.0000000000
121:EP01C,5,1.0000000000
121:EP02A,5,1.0000000000
121:EP02B,5,1.0000000000
121:EP02C,5,1.0000000000
121:EP02D,5,1.0000000000
121:EP02E,5,1.0000000000
121:EP03A,5,1.0000000000
121:EP03B,5,1.0000000000
121:EP04A,5,1.0000000000
121:EP04B,13,1.0000000000
121:EP04C,5,1.0000000000
121:FA01A,13,1.0000000000
121:FA01B,13,1.0000000000
121:FA01C,13,1.0000000000
121:FA01D,13,1.0000000000
121:FC02,5,1.0000000000
121:HP01,5,1.0000000000
121:JC01,7,1.0000000000
121:JC01A,7,1.0000000000
121:JC02,7,1.0000000000
121:JC03A,7,1.0000000000
121:JC03B,7,1.0000000000
121:JC04A,7,1.0000000000
121:JC04B,7,1.0000000000
121:JC04C,7,1.0000000000
121:JC05,7,1.0000000000
121:JC06,7,1.0000000000
121:JC07,7,1.0000000000
121:JC08,7,1.0000000000
121:JC09,7,1.0000000000
121:JC10,7,1.0000000000
121:JC11,7,1.0000000000
121:JC12,7,1.0000000000
121:JC13A,7,1.0000000000
121:JC13B,7,1.0000000000
121:JC14,7,1.0000000000
121:JC15,7,1.0000000000
121:JC16,7,1.0000000000
121:JC18,7,1.0000000000
121:JC19,7,1.0000000000
121:JC19A,7,1.0000000000
121:ML01A,6,1.0000000000
121:ML01B,6,1.0000000000
121:ML01C,6,1.0000000000
121:ML02A,6,1.0000000000
121:ML02B,6,1.0000000000
121:ML03,6,1.0000000000
121:ML03A,6,1.0000000000
121:ML04,6,1.0000000000
121:ML05,6,1.0000000000
121:ML06A,6,1.0000000000
121:ML06B,6,1.0000000000
121:ML07A,6,1.0000000000
121:ML07B,6,1.0000000000
121:MP01,6,1.0000000000
121:PA01,13,1.0000000000
121:RW01,6,1.0000000000
121:RW02,6,1.0000000000
121:RW03,6,1.0000000000
121:RW03A,6,1.0000000000
121:RW03B,6,1.0000000000
121:RW03C,6,1.0000000000
121:RW04,6,1.0000000000
121:RW05,6,1.0000000000
121:RW05A,6,1.0000000000
121:RW06,6,1.0000000000
121:RW07A,6,1.0000000000
121:RW07B,6,1.0000000000
121:RW08,6,1.0000000000
121:RW09,6,1.0000000000
121:RW09A,6,1.0000000000
121:RW10,6,1.0000000000
121:RW10A,6,1.0000000000
121:RW11A,6,1.0000000000
121:RW11B,6,1.0000000000
121:RW12,6,1.0000000000
121:RW12A,6,1.0000000000
121:RW13,6,1.0000000000
121:RW16,6,1.0000000000
121:RW17,6,1.0000000000
121:RW19,6,1.0000000000
121:RW20,6,1.0000000000
121:RW21,6,1.0000000000
121:RW21A,7,1.0000000000
121:RW22A,6,1.0000000000
121:RW22B,7,1.0000000000
121:RW22C,7,1.0000000000
121:SC01A,13,1.0000000000
121:SC01B,13,1.0000000000
121:SC01C,13,1.0000000000
121:SC02,5,1.0000000000
121:SC02A,13,1.0000000000
121:SC04,13,1.0000000000
121:SC05A,13,1.0000000000
121:SC05B,13,1.0000000000
121:SC05C,13,1.0000000000
121:SC05D,13,1.0000000000
121:SC05E,13,1.0000000000
121:SC07A,13,1.0000000000
121:SC07B,13,1.0000000000
121:SC07C,13,1.0000000000
121:SC07D,13,1.0000000000
121:SC07E,13,1.0000000000
121:SC08A,13,1.0000000000
121:SC08B,13,1.0000000000
121:SC08C,13,1.0000000000
121:SC08D,13,1.0000000000
121:SC08E,13,1.0000000000
121:SC08F,13,1.0000000000
121:SC08G,13,1.0000000000
121:SC08H,13,1.0000000000
121:SC08I,13,1.0000000000
121:SC08J,13,1.0000000000
121:SC09A,13,1.0000000000
121:SC09B,13,1.0000000000
121:SC09C,13,1.0000000000
121:SC10,13,1.0000000000
121:SC11A,13,1.0000000000
121:SC11B,13,1.0000000000
121:SC13,13,1.0000000000
121:SC13A,13,1.0000000000
121:SC14A,5,1.0000000000
121:SC15,13,1.0000000000
121:SC15A,13,1.0000000000
121:SC16A,13,1.0000000000
121:SC16B,13,1.0000000000
121:SC17A,13,1.0000000000
121:SC17B,13,1.0000000000
121:SC17C,13,1.0000000000
121:SC18A,13,1.0000000000
121:SC18B,13,1.0000000000
121:SC18C,13,1.0000000000
121:SC18D,13,1.0000000000
121:SC19A,13,1.0000000000
121:SC19B,13,1.0000000000
121:SC20,13,1.0000000000
121:SC211,13,1.0000000000
121:SC212,13,1.0000000000
121:SC21A,13,1.0000000000
121:SC23A,13,1.0000000000
121:SC23B,13,1.0000000000
121:SC23C,13,1.0000000000
121:SC27,13,1.0000000000
121:SC29A,13,1.0000000000
121:SC29B,13,1.0000000000
121:SC30A,5,1.0000000000
121:SC30B,5,1.0000000000
121:SC31,13,1.0000000000
121:SC32,5,1.0000000000
121:SC33,13,1.0000000000
121:SS01,6,1.0000000000
121:SS01A,7,1.0000000000
121:SS02A,6,1.0000000000
121:SS02B,6,1.0000000000
121:SS03,6,1.0000000000
121:SS03A,5,1.0000000000
121:SS04,6,1.0000000000
121:SS04A,5,1.0000000000
121:SS05,5,1.0000000000
121:SS06,5,1.0000000000
121:SS07A,5,1.0000000000
121:SS07B,5,1.0000000000
121:SS07C,5,1.0000000000
121:SS07D,5,1.0000000000
121:SS08A,5,1.0000000000
121:SS08B,5,1.0000000000
121:SS08C,6,1.0000000000
121:SS08D,5,1.0000000000
121:SS08E,5,1.0000000000
121:SS09A,5,1.0000000000
121:SS09B,5,1.0000000000
121:SS11A,5,1.0000000000
121:SS11B,5,1.0000000000
121:SS11C,5,1.0000000000
121:SS11D,5,1.0000000000
121:SS12,5,1.0000000000
121:SS13A,5,1.0000000000
121:SS13B,5,1.0000000000
121:SS14,5,1.0000000000
121:SS15A,6,1.0000000000
121:SS15B,6,1.0000000000
121:SS16,5,1.0000000000
121:SS17,6,1.0000000000
121:SS18A,5,1.0000000000
121:SS18B,6,1.0000000000
121:SS18C,6,1.0000000000
121:SS19A,6,1.0000000000
121:SS19B,6,1.0000000000
121:SS20,6,1.0000000000
121:SS22,6,1.0000000000
121:SS26,6,1.0000000000
121:SS29A,6,1.0000000000
121:SS29B,6,1.0000000000
121:SS31,5,1.0000000000
121:UC01A,13,1.0000000000
121:UC01B,13,1.0000000000
121:UC01C,13,1.0000000000
121:UC01D,13,1.0000000000
121:UC01E,13,1.0000000000
121:UC02A,13,1.0000000000
121:UC02B,13,1.0000000000
121:UC02C,13,1.0000000000
121:UC02D,13,1.0000000000
121:UC02E,13,1.0000000000
121:UC031,13,1.0000000000
121:UC032,13,1.0000000000
121:UC033,13,1.0000000000
121:UC035,13,1.0000000000
123:BOARDTOWN,9,1.0000000000
123:CARTECAY,9,1.0000000000
123:CHERRYLOG,9,1.0000000000
123:EASTELLIJAY,9,1.0000000000
123:ELLIJAYNORTH,9,1.0000000000
123:ELLIJAYNORTHEAST,9,1.0000000000
123:ELLIJAYSOUTH,9,1.0000000000
123:LEACHES,9,1.0000000000
123:MOUNTAINTOWN,9,1.0000000000
123:ROYROAD,9,1.0000000000
123:TAILSCREEK,9,1.0000000000
123:TOWNCREEK,9,1.0000000000
123:YUKON,9,1.0000000000
125:EDGEHILL,12,1.0000000000
125:GIBSON,12,1.0000000000
125:MILL,12,1.0000000000
125:MITCHELL,12,1.0000000000
127:ARCO,1,1.0000000000
127:BAL,1,1.0000000000
127:BLY,1,1.0000000000
127:BRK,1,1.0000000000
127:COG,1,1.0000000000
127:CPM,1,1.0000000000
127:CSSI,1,1.0000000000
127:GICCA,1,1.0000000000
127:HCP,1,1.0000000000
127:JI,1,1.0000000000
127:MAR,1,1.0000000000
127:NGLY,1,1.0000000000
127:NSB,1,1.0000000000
127:NSSI,1,1.0000000000
127:SEB,1,1.0000000000
127:SES,1,1.0000000000
127:SSSI,1,1.0000000000
127:THE,1,1.0000000000
127:UPP,1,1.0000000000
129:CALHOUNCITY,14,1.0000000000
129:FAIRMOUNT,14,1.0000000000
129:GORDONCOUNTY,14,1.0000000000
129:LILYPOND,14,1.0000000000
129:OAKMAN,14,1.0000000000
129:OOSTANAULA,14,1.0000000000
129:PINECHAPEL,14,1.0000000000
129:PLAINVILLE,14,1.0000000000
129:REDBUD,14,1.0000000000
129:RESACA,14,1.0000000000
129:SONORAVILLE,14,1.0000000000
129:SUGARVALLEY,14,1.0000000000
131:BLOWINGCAVE,2,1.0000000000
131:CAIRO4THDISTRICT,2,1.0000000000
131:CAIRO5THDISTRICT,2,1.0000000000
131:DUNCANVILLE,2,1.0000000000
131:HIGDON,2,1.0000000000
131:LIMESINK,2,1.0000000000
131:MIDWAY,2,1.0000000000
131:PINEPARK,2,1.0000000000
131:RAGAN,2,1.0000000000
131:SPENCE,2,1.0000000000
131:SPRINGHILL,2,1.0000000000
131:WHIGHAM,2,1.0000000000
131:WOODLAND,2,1.0000000000
133:GREENSBORO,10,1.0000000000
133:OLDSALEM,10,1.0000000000
133:SILOAM,10,1.0000000000
133:UNIONPOINT,10,1.0000000000
133:WHITEPLAINS,10,1.0000000000
135:BAYCREEKA,7,1.0000000000
135:BAYCREEKB,7,1.0000000000
135:BAYCREEKC,7,1.0000000000
135:BAYCREEKD,7,1.0000000000
135:BAYCREEKE,7,1.0000000000
135:BAYCREEKF,7,1.0000000000
135:BAYCREEKG,7,1.0000000000
135:BAYCREEKH,7,1.0000000000
135:BAYCREEKI,7,1.0000000000
135:BAYCREEKJ,7,1.0000000000
135:BAYCREEKK,7,1.0000000000
135:BERKSHIREA,7,1.0000000000
135:BERKSHIREB,7,1.0000000000
135:BERKSHIRED,7,1.0000000000
135:BERKSHIREE,7,1.0000000000
135:BERKSHIREF,7,1.0000000000
135:BERKSHIREG,7,1.0000000000
135:BERKSHIREH,7,1.0000000000
135:BERKSHIREJ,7,1.0000000000
135:BERKSHIREL,7,1.0000000000
135:BERKSHIREM,7,1.0000000000
135:BERKSHIREN,7,1.0000000000
135:BERKSHIREO,7,1.0000000000
135:BERKSHIREP,7,1.0000000000
135:BERKSHIREQ,7,1.0000000000
135:CATESA,7,1.0000000000
135:CATESB,7,1.0000000000
135:CATESC,7,1.0000000000
135:CATESD,7,1.0000000000
135:CATESE,7,1.0000000000
135:CATESF,7,1.0000000000
135:CATESG,7,1.0000000000
135:CATESH,7,1.0000000000
135:CATESI,7,1.0000000000
135:CATESJ,7,1.0000000000
135:CATESK,7,1.0000000000
135:CATESL,7,1.0000000000
135:CATESM,7,1.0000000000
135:CATESN,7,1.0000000000
135:CATESO,7,1.0000000000
135:DACULA,7,1.0000000000
135:DULUTHA,7,1.0000000000
135:DULUTHB,7,1.0000000000
135:DULUTHC,7,1.0000000000
135:DULUTHD,7,1.0000000000
135:DULUTHE,7,1.0000000000
135:DULUTHF,7,1.0000000000
135:DULUTHG,7,1.0000000000
135:DULUTHH,7,1.0000000000
135:DULUTHI,7,1.0000000000
135:DULUTHK,7,1.0000000000
135:DUNCANSA,9,1.0000000000
135:DUNCANSB,9,1.0000000000
135:DUNCANSC,9,1.0000000000
135:DUNCANSD,9,1.0000000000
135:GARNERSA,7,1.0000000000
135:GARNERSB,7,1.0000000000
135:GARNERSC,7,1.0000000000
135:GARNERSD,7,1.0000000000
135:GARNERSF,7,1.0000000000
135:GOODWINSA,9,1.0000000000
135:GOODWINSB,9,1.0000000000
135:GOODWINSC,9,1.0000000000
135:GOODWINSD,9,1.0000000000
135:GOODWINSE,9,1.0000000000
135:GOODWINSF,9,1.0000000000
135:GOODWINSG,9,1.0000000000
135:GOODWINSH,9,1.0000000000
135:GOODWINSI,9,1.0000000000
135:HARBINSA,7,1.0000000000
135:HARBINSB,7,1.0000000000
135:HARBINSC,7,1.0000000000
135:HOGMOUNTAINA,9,1.0000000000
135:HOGMOUNTAINB,9,1.0000000000
135:HOGMOUNTAINC,9,1.0000000000
135:HOGMOUNTAIND,9,1.0000000000
135:LAWRENCEVILLEA,7,1.0000000000
135:LAWRENCEVILLEB,7,1.0000000000
135:LAWRENCEVILLEC,9,1.0000000000
135:LAWRENCEVILLED,7,1.0000000000
135:LAWRENCEVILLEE,7,1.0000000000
135:LAWRENCEVILLEF,7,1.0000000000
135:LAWRENCEVILLEG,7,1.0000000000
135:LAWRENCEVILLEH,9,1.0000000000
135:LAWRENCEVILLEI,9,1.0000000000
135:LAWRENCEVILLEJ,7,1.0000000000
135:LAWRENCEVILLEK,9,1.0000000000
135:LAWRENCEVILLEL,7,1.0000000000
135:LAWRENCEVILLEM,7,1.0000000000
135:LAWRENCEVILLEN,7,1.0000000000
135:MARTINSA,7,1.0000000000
135:MARTINSB,7,1.0000000000
135:MARTINSC,7,1.0000000000
135:MARTINSD,7,1.0000000000
135:MARTINSE,7,1.0000000000
135:MARTINSF,7,1.0000000000
135:MARTINSG,7,1.0000000000
135:MARTINSH,7,1.0000000000
135:MARTINSI,7,1.0000000000
135:MARTINSJ,7,1.0000000000
135:MARTINSK,7,1.0000000000
135:PINCKNEYVILLEA,7,1.0000000000
135:PINCKNEYVILLEA1,7,1.0000000000
135:PINCKNEYVILLEB,7,1.0000000000
135:PINCKNEYVILLEC,7,1.0000000000
135:PINCKNEYVILLED,7,1.0000000000
135:PINCKNEYVILLEE,7,1.0000000000
135:PINCKNEYVILLEF,7,1.0000000000
135:PINCKNEYVILLEH,7,1.0000000000
135:PINCKNEYVILLEI,7,1.0000000000
135:PINCKNEYVILLEJ,7,1.0000000000
135:PINCKNEYVILLEK,7,1.0000000000
135:PINCKNEYVILLEL,7,1.0000000000
135:PINCKNEYVILLEM,7,1.0000000000
135:PINCKNEYVILLEN,7,1.0000000000
135:PINCKNEYVILLEO,7,1.0000000000
135:PINCKNEYVILLEP,7,1.0000000000
135:PINCKNEYVILLEQ,7,1.0000000000
135:PINCKNEYVILLES,7,1.0000000000
135:PINCKNEYVILLET,7,1.0000000000
135:PINCKNEYVILLEU,7,1.0000000000
135:PINCKNEYVILLEV,7,1.0000000000
135:PINCKNEYVILLEW,7,1.0000000000
135:PINCKNEYVILLEX,7,1.0000000000
135:PINCKNEYVILLEY,7,1.0000000000
135:PINCKNEYVILLEZ,7,1.0000000000
135:PUCKETTSA,9,1.0000000000
135:PUCKETTSB,9,1.0000000000
135:PUCKETTSC,9,1.0000000000
135:PUCKETTSD,9,1.0000000000
135:PUCKETTSE,9,1.0000000000
135:ROCKBRIDGEA,7,1.0000000000
135:ROCKBRIDGEB,7,1.0000000000
135:ROCKBRIDGEC,7,1.0000000000
135:ROCKBRIDGED,7,1.0000000000
135:ROCKBRIDGEE,7,1.0000000000
135:ROCKBRIDGEF,7,1.0000000000
135:ROCKBRIDGEG,7,1.0000000000
135:ROCKYCREEKA,9,1.0000000000
135:ROCKYCREEKB,9,1.0000000000
135:ROCKYCREEKC,9,1.0000000000
135:SUGARHILLA,9,1.0000000000
135:SUGARHILLB,6,1.0000000000
135:SUGARHILLC,6,1.0000000000
135:SUGARHILLD,9,1.0000000000
135:SUGARHILLE,9,1.0000000000
135:SUGARHILLF,6,1.0000000000
135:SUGARHILLG,6,1.0000000000
135:SUWANEEA,9,1.0000000000
135:SUWANEEB,9,1.0000000000
135:SUWANEEC,9,1.0000000000
135:SUWANEED,6,1.0000000000
135:SUWANEEE,9,1.0000000000
135:SUWANEEF,9,1.0000000000
135:SUWANEEG,7,0.2219647822
135:SUWANEEG,9,0.7780352178
135:SUWANEEH,9,1.0000000000
137:AMYSCREEK,9,1.0000000000
137:CITYOFBALDWIN,9,1.0000000000
137:DEMOREST,9,1.0000000000
137:HABERSHAMNORTH,9,1.0000000000
137:HABERSHAMSOUTH,9,1.0000000000
137:MUDCREEK,9,1.0000000000
137:TOWNOFMOUNTAIRY,9,1.0000000000
139:BARKCAMP,9,1.0000000000
139:BIGHICKORY,9,1.0000000000
139:CANDLER,9,1.0000000000
139:CHESTATEE,9,1.0000000000
139:CHICOPEE,9,1.0000000000
139:CLERMONT,9,1.0000000000
139:FLOWERYBRANCHI,9,1.0000000000
139:FLOWERYBRANCHII,9,1.0000000000
139:FORK,9,1.0000000000
139:FRIENDSHIPI,9,1.0000000000
139:FRIENDSHIPII,9,1.0000000000
139:FRIENDSHIPIII,9,1.0000000000
139:FRIENDSHIPIV,9,1.0000000000
139:GAINESVILLEI,9,1.0000000000
139:GAINESVILLEII,9,1.0000000000
139:GAINESVILLEIII,9,1.0000000000
139:GAINESVILLEIV,9,1.0000000000
139:GAINESVILLEV,9,1.0000000000
139:GILLSVILLE,9,1.0000000000
139:GLADE,9,1.0000000000
139:LULA,9,1.0000000000
139:MORGANI,9,1.0000000000
139:MORGANII,9,1.0000000000
139:OAKWOODI,9,1.0000000000
139:OAKWOODII,9,1.0000000000
139:QUILLIANS,9,1.0000000000
139:ROBERTS,9,1.0000000000
139:TADMORE,9,1.0000000000
139:WESTWHELCHEL,9,1.0000000000
139:WHELCHEL,9,1.0000000000
139:WILSON,9,1.0000000000
141:COURTHOUSE,10,1.0000000000
141:DEVEREUXFIRE,10,1.0000000000
141:MAYFIELDCOMMUNITYCENTER,10,1.0000000000
141:POWEROFGOD,10,1.0000000000
141:SECONDBEULAH,10,1.0000000000
141:SECONDDARRIEN,10,1.0000000000
141:SPARTA4C,10,1.0000000000
141:STMARK,10,1.0000000000
141:WARRENCHAPEL,10,1.0000000000
141:YOUTHCENTER,10,1.0000000000
143:BEREASTEADMAN,3,1.0000000000
143:BREMEN,3,1.0000000000
143:BUCHANAN,3,1.0000000000
143:BUNCOMBE,3,1.0000000000
143:CORINTH,3,1.0000000000
143:FELTON,3,1.0000000000
143:LITTLECREEK,3,1.0000000000
143:MTVIEW,3,1.0000000000
143:SEVENTH,3,1.0000000000
143:TALLAPOOSA,3,1.0000000000
143:TWENTIETH,3,1.0000000000
143:WACO,3,1.0000000000
145:CATAULA,3,1.0000000000
145:ELLERSLIE,3,1.0000000000
145:GOODMAN,3,1.0000000000
145:HAMILTON,3,1.0000000000
145:LOWER19TH,3,1.0000000000
145:MULBERRYGROVE,3,1.0000000000
145:PINEMOUNTAINVALLEY,3,1.0000000000
145:SKINNER,3,1.0000000000
145:UPPER19TH,3,1.0000000000
145:VALLEYPLAINS,3,1.0000000000
145:WAVERLYHALL,3,1.0000000000
145:WHITESVILLE,3,1.0000000000
147:BIO,9,1.0000000000
147:BOWERSVILLE,9,1.0000000000
147:COKESBURY,9,1.0000000000
147:GOLDMINE,9,1.0000000000
147:HARTWELL,9,1.0000000000
147:REEDCREEK,9,1.0000000000
147:SHOALCREEK,9,1.0000000000
149:CENTRALHATCHEE,3,1.0000000000
149:COOKSVILLECORINTH,3,1.0000000000
149:ENONGROVE,3,1.0000000000
149:EPHESUS,3,1.0000000000
149:FRANKLIN,3,1.0000000000
149:SOUTHWEST,3,1.0000000000
151:AUSTINROAD,13,1.0000000000
151:COTTONINDIAN,13,1.0000000000
151:DUTCHTOWN,13,1.0000000000
151:EASTLAKE,10,1.0000000000
151:ELLENWOOD,13,1.0000000000
151:FLIPPEN,13,1.0000000000
151:GROVEPARK,10,1.0000000000
151:HICKORYFLAT,13,1.0000000000
151:KELLEYTOWN,10,1.0000000000
151:LAKEDOW,10,1.0000000000
151:LAKEHAVEN,10,1.0000000000
151:LIGHTHOUSE,13,1.0000000000
151:LOCUSTGROVE,10,1.0000000000
151:LOWES,3,0.0007878669
151:LOWES,10,0.9992121331
151:MCDONOUGH,10,1.0000000000
151:MCDONOUGHCENTRAL,10,1.0000000000
151:MCMULLEN,10,1.0000000000
151:MOUNTCARMEL,13,1.0000000000
151:MTBETHEL,10,1.0000000000
151:NORTHHAMPTON,3,1.0000000000
151:OAKLAND,3,1.0000000000
151:PATESCREEK,13,1.0000000000
151:PLEASANTGROVE,13,1.0000000000
151:REDOAK,13,1.0000000000
151:SANDYRIDGE,10,1.0000000000
151:SHAKERAG,13,1.0000000000
151:SHILOH,10,1.0000000000
151:SOUTHHAMPTON,3,1.0000000000
151:STAGECOACH,13,1.0000000000
151:STOCKBRIDGECENTRAL,13,1.0000000000
151:STOCKBRIDGEEASTWEST,13,1.0000000000
151:SWANLAKE,13,1.0000000000
151:TIMBERRIDGE,10,1.0000000000
151:TUSSAHAW,10,1.0000000000
151:UNITYGROVE,10,1.0000000000
151:WESLEYLAKES,10,1.0000000000
151:WESTSIDE,10,1.0000000000
153:ANNX,8,1.0000000000
153:BMS,8,1.0000000000
153:CENT,2,1.0000000000
153:CGTC,8,1.0000000000
153:FMMS,8,1.0000000000
153:HAFS,8,1.0000000000
153:HCTC,8,1.0000000000
153:HEFS,8,1.0000000000
153:HHPC,2,1.0000000000
153:MCMS,8,1.0000000000
153:NHSC,2,1.0000000000
153:ROZR,8,1.0000000000
153:TMS,8,1.0000000000
153:TWPK,8,1.0000000000
153:VHS,8,1.0000000000
153:WELL,2,1.0000000000
155:HOLT,8,1.0000000000
155:IRWINVILLE,8,1.0000000000
155:OCILLA,8,1.0000000000
157:CENTRALJACKSON,10,1.0000000000
157:NORTHJACKSON,10,1.0000000000
157:SOUTHJACKSON,10,1.0000000000
157:WESTJACKSON,10,1.0000000000
159:MARTINBURNEY,10,1.0000000000
159:MONTICELLO,10,1.0000000000
159:WYATT,10,1.0000000000
161:ALTAMAHA1,8,1.0000000000
161:ALTAMAHA2,8,1.0000000000
161:BLACKBURN1,8,1.0000000000
161:BLACKBURN2,8,1.0000000000
161:HAZLEHURST,8,1.0000000000
161:OCMULGEE1,8,1.0000000000
161:OCMULGEE2,8,1.0000000000
161:WHITEHEAD1,8,1.0000000000
161:WHITEHEAD2,8,1.0000000000
163:AVERA,12,1.0000000000
163:BARTOW,12,1.0000000000
163:LOUISVILLE,12,1.0000000000
163:MATTHEWS,12,1.0000000000
163:STAPLETON,12,1.0000000000
163:STAPLETONCROSSROADS,12,1.0000000000
163:WADLEY,12,1.0000000000
163:WRENS,12,1.0000000000
165:COURTHOUSE,12,1.0000000000
165:FOURPOINTS,12,1.0000000000
165:PERKINS,12,1.0000000000
165:PRIMARYSCHOOL,12,1.0000000000
165:SENIORCITIZENSCENTER,12,1.0000000000
167:BRAY,12,1.0000000000
167:KITE,12,1.0000000000
167:SMITH,12,1.0000000000
167:WRIGHTSVILLE,12,1.0000000000
169:BARRON,8,1.0000000000
169:CLINTON,8,1.0000000000
169:DAVIDSON,8,1.0000000000
169:ETHRIDGE,8,1.0000000000
169:FINNEY,8,1.0000000000
169:GRAY,8,1.0000000000
169:HAWKINS,8,1.0000000000
169:POPE,8,1.0000000000
169:ROBERTS,8,1.0000000000
169:SANDERS,8,1.0000000000
171:BARNESVILLE,3,1.0000000000
171:CHAPPELLMILLVFD,3,1.0000000000
171:LCSC,3,1.0000000000
171:MILNER,3,1.0000000000
171:REDBONE,3,1.0000000000
171:SENIORCITZENBLDG,3,1.0000000000
173:LAKELAND,8,1.0000000000
175:BREWTON,12,1.0000000000
175:BUCKEYE,12,1.0000000000
175:BURCH,12,1.0000000000
175:CADWELL,12,1.0000000000
175:CALHOUNPARK,12,1.0000000000
175:DUDLEY,12,1.0000000000
175:FBCFLC,12,1.0000000000
175:FIREDEPTSTATION5,12,1.0000000000
175:HAMPTONMILL,12,1.0000000000
175:LCFS10,12,1.0000000000
175:MINTER,12,1.0000000000
175:REEDYSPRINGS,12,1.0000000000
175:RURALFIRESTATION7,12,1.0000000000
175:SMITH,12,1.0000000000
175:WTADAMSFIRESTATION18,12,1.0000000000
177:CENTURYFIRESTATION,2,1.0000000000
177:CHOKEE,2,1.0000000000
177:CJC,2,1.0000000000
177:FIRSTBAPTIST,2,1.0000000000
177:FLINTREFORMEDBAPTIST,2,1.0000000000
177:FRIENDSHIPBAPTIST,2,1.0000000000
177:LEESBURG,2,1.0000000000
177:REDBONE,2,1.0000000000
177:SDACHURCH,2,1.0000000000
177:SMITHVILLE,2,1.0000000000
179:FLEMINGEAST,1,1.0000000000
179:GUMBRANCH,1,1.0000000000
179:HINESVILLE,1,1.0000000000
179:LEWISFRASIER,1,1.0000000000
179:LIBERTYCOUNTYCOMPLEX,1,1.0000000000
179:LYMANHALL,1,1.0000000000
179:MEMORIALDR,1,1.0000000000
179:PERFORMINGARTSCTR,1,1.0000000000
179:PROGRESSIVECHURCH,1,1.0000000000
179:RICEBORO,1,1.0000000000
179:TOWNOFALLENHURST,1,1.0000000000
179:VICTORYBAPTIST,1,1.0000000000
181:BETHANYCHURCH,12,1.0000000000
181:FAITHTEMPLEOFLINCOLN,12,1.0000000000
181:LINCOLNCENTER,12,1.0000000000
181:LINCOLNCLUBHOUSE,12,1.0000000000
181:MARTINSCROSSROAD,12,1.0000000000
181:MIDWAY,12,1.0000000000
181:TABERNACLE,12,1.0000000000
183:ALMAFLOURNOY,1,1.0000000000
183:BREADSCREEK,1,1.0000000000
183:FAITHBAPTISTANNEX,1,1.0000000000
183:NORTHLUDOWICI,1,1.0000000000
183:RYEPATCHOAKDALE,1,1.0000000000
183:SOUTHLUDOWICI,1,1.0000000000
183:TIBET,1,1.0000000000
185:DASHERCITYHALL,8,1.0000000000
185:HAHIRACOMMUNITYCENTER,8,1.0000000000
185:HISTORICALSOCIETY,8,1.0000000000
185:JAYCEECOMMUNITYCENTER,8,1.0000000000
185:LAKEPARK,8,1.0000000000
185:LOWNDESCIVIC,8,1.0000000000
185:MATHISAUDITORIUM,8,1.0000000000
185:MILDREDCOMMUNITYCENTER,8,1.0000000000
185:MTCALVARYCHURCH,8,1.0000000000
185:NAYLORCOMMUNITYCENTER,8,1.0000000000
185:NAZARENECHURCH,8,1.0000000000
185:PAPERMILLUNION,8,1.0000000000
185:PINEGROVECHURCH,8,1.0000000000
185:RAINWATER,8,1.0000000000
185:SOUTHLOWNDESRECREATIONCENTER,8,1.0000000000
185:TRAINDEPOT,8,1.0000000000
185:TRINITYCHURCH,8,1.0000000000
185:VSU,8,1.0000000000
187:DAHLONEGA,9,1.0000000000
189:CEDARROCK,12,1.0000000000
189:DEARING,12,1.0000000000
189:DEPOT,12,1.0000000000
189:FORTCREEK,12,1.0000000000
189:NMCDUFFIE,12,1.0000000000
189:SWEETWATER,12,1.0000000000
189:WHITEOAK,12,1.0000000000
191:CRESCENT,1,1.0000000000
191:DARIEN,1,1.0000000000
191:NORTHDARIEN,1,1.0000000000
191:SAPELOISLAND,1,1.0000000000
191:SOUTHNEWPORT,1,1.0000000000
193:IDEAL,2,1.0000000000
193:MARSHALLVILLE,2,1.0000000000
193:MONTEZUMA4,2,1.0000000000
193:MONTEZUMA5,2,1.0000000000
193:OGLETHORPE,2,1.0000000000
195:COLBERT,10,1.0000000000
195:COLLINS,10,1.0000000000
195:COMER,10,1.0000000000
195:DANIELSVILLE,10,1.0000000000
195:FORK,10,1.0000000000
195:HARRISON,10,1.0000000000
195:HULL,10,1.0000000000
195:ILA,10,1.0000000000
195:MILL,10,1.0000000000
195:PAOLI,10,1.0000000000
195:PITTMAN,10,1.0000000000
195:POCA,10,1.0000000000
197:BRANTLEY,2,1.0000000000
197:BUENAVISTA,2,1.0000000000
197:FORTPERRY,2,1.0000000000
197:PINEKNOT,2,1.0000000000
197:TAZEWELL,2,1.0000000000
199:2NDWARMSPRINGS,3,1.0000000000
199:7THODESSADALE,3,1.0000000000
199:8THGREENVILLE,3,1.0000000000
199:CHALYBEATE,3,1.0000000000
199:COVE,3,1.0000000000
199:GILLI,3,1.0000000000
199:GILLII,3,1.0000000000
199:LONEOAK,3,1.0000000000
199:LOWER9THWOODBURY,3,1.0000000000
199:LUTHERSVILLE,3,1.0000000000
199:MIDDLE9THGAY,3,1.0000000000
199:RALEIGH,3,1.0000000000
199:THIRDDURAND,3,1.0000000000
199:UPPER9THALVATON,3,1.0000000000
201:COLQUITTMILLER,2,1.0000000000
205:BACONTON,2,1.0000000000
205:BRANCHVILLE,2,1.0000000000
205:CAMILLANORTH,2,1.0000000000
205:CAMILLASOUTH,2,1.0000000000
205:COTTON,2,1.0000000000
205:HINSONTON,2,1.0000000000
205:HOPEFUL,2,1.0000000000
205:LESTER,2,1.0000000000
205:PEBBLECITY,2,1.0000000000
205:PELHAM,2,1.0000000000
205:SALECITY,2,1.0000000000
207:BENTONS,8,1.0000000000
207:BRANTLEYS,8,1.0000000000
207:BURGAYS,8,1.0000000000
207:CABANISS,8,1.0000000000
207:COX,8,1.0000000000
207:CULLODEN,8,1.0000000000
207:DILLARDS,8,1.0000000000
207:EVERS,8,1.0000000000
207:FORSYTH,8,1.0000000000
207:HIGHFALLS,8,1.0000000000
207:KELSEYS,8,1.0000000000
207:MIDDLEBROOKS,8,1.0000000000
207:PROCTORS,8,1.0000000000
207:RUSSELLVILLE,8,1.0000000000
209:AILEY,12,1.0000000000
209:ALSTON,12,1.0000000000
209:HIGGSTON,12,1.0000000000
209:KIBBEE,12,1.0000000000
209:MOUNTVERNON,12,1.0000000000
209:TARRYTOWN,12,1.0000000000
209:UVALDA,12,1.0000000000
211:BUCKHEAD,10,1.0000000000
211:CENTENNIAL,10,1.0000000000
211:DFACS,10,1.0000000000
211:GIBBS,10,1.0000000000
211:RECDEPT,10,1.0000000000
213:CARTERSDOOLITTLE,14,1.0000000000
213:MCDONALD,14,1.0000000000
213:NORTH,14,1.0000000000
213:SHUCKPEN,14,1.0000000000
213:SOUTHWEST,14,1.0000000000
213:SPRINGPLACE,14,1.0000000000
213:TOWN,14,1.0000000000
215:215FTBEN1,2,1.0000000000
215:215FTBEN2,2,1.0000000000
215:215FTBEN3,2,1.0000000000
215:215FTBEN4,2,1.0000000000
215:215ZZZZZZ,2,1.0000000000
215:BRITTDAVID,3,1.0000000000
215:CANAAN,2,1.0000000000
215:CARVERLIBRARY,2,1.0000000000
215:CENTRAL,3,1.0000000000
215:CHATTAHOOCHEE,2,0.9727011494
215:CHATTAHOOCHEE,3,0.0272988506
215:COLUMBUSTECH,2,0.7998554913
215:COLUMBUSTECH,3,0.2001445087
215:CUSSETARD,2,1.0000000000
215:EDGEWOOD,2,1.0000000000
215:EPWORTH,3,1.0000000000
215:FAITHTABERNACLE,2,1.0000000000
215:FIRSTAFRICAN,2,1.0000000000
215:GALLOPS,2,1.0000000000
215:GENTIAN,2,1.0000000000
215:HOLSEY,2,1.0000000000
215:MOON,2,1.0000000000
215:MTPILGRIM,2,1.0000000000
215:OLOLC,2,1.0000000000
215:PSALMOND,2,1.0000000000
215:SALVATIONARMY,2,1.0000000000
215:SHIRLEYWINSTON,2,1.0000000000
215:STANDREWS,2,1.0000000000
215:STPAUL,2,0.8784477229
215:STPAUL,3,0.1215522771
215:STPETER,3,1.0000000000
215:WYNNBROOK,3,1.0000000000
215:WYNNTON,2,1.0000000000
217:01CITYPOND,4,0.7668463612
217:01CITYPOND,10,0.2331536388
217:02TOWN,4,1.0000000000
217:03ALMON,4,1.0000000000
217:04ALCOVY,4,0.8929088278
217:04ALCOVY,10,0.1070911722
217:05COVINGTONMILLS,4,1.0000000000
217:06BREWERS,10,1.0000000000
217:07BRICKSTORE,10,1.0000000000
217:08CEDARSHOALS,4,1.0000000000
217:09LIVINGSTON,4,0.6843696028
217:09LIVINGSTON,10,0.3156303972
217:10DOWNS,4,0.0201380898
217:10DOWNS,10,0.9798619102
217:12GUMCREEK,10,1.0000000000
217:13BEAVERDAM,4,1.0000000000
217:14LEGUINN,10,1.0000000000
217:15MANSFIELD,10,1.0000000000
217:16NEWBORN,10,1.0000000000
217:17OXFORD,4,0.2717469446
217:17OXFORD,10,0.7282530554
217:18ROCKYPLAINS,10,1.0000000000
217:19BUCKCREEK,4,1.0000000000
217:20STANSELLS,4,1.0000000000
217:23FAIRVIEW,4,1.0000000000
217:24CROWELL,4,1.0000000000
217:25HUB,10,1.0000000000
219:BISHOP,10,1.0000000000
219:BOGART,10,1.0000000000
219:CITYHALL,10,1.0000000000
219:CIVICCENTER,10,1.0000000000
219:COLHAMFERRY,10,1.0000000000
219:DARKCORNER,10,1.0000000000
219:MARSWOODHALL,10,1.0000000000
219:NORTHOCONEE,10,1.0000000000
221:BEAVERDAM,10,1.0000000000
221:CRAWFORD,10,1.0000000000
221:LEXINGTON,10,1.0000000000
223:BEULAHLANDBAPTISTCHURCH,14,1.0000000000
223:BURNTHICKORYPARK,14,1.0000000000
223:CROSSROADSLIBRARY,14,1.0000000000
223:DOBBINSMIDDLESCHOOL,14,1.0000000000
223:DWRIGHTINNOVATIONCTR,14,1.0000000000
223:EASTPAULDINGMIDDLESCH,14,1.0000000000
223:EVENTSPLACE,14,1.0000000000
223:LEGACYBAPTCHURCH,14,1.0000000000
223:MULBERRYROCKPARK,14,1.0000000000
223:NEBOELEMSCHOOL,14,1.0000000000
223:PAULDINGCOUNTYAIRPORT,14,1.0000000000
223:PAULDINGSRCENTER,14,1.0000000000
223:POPLARSPRGSBAPTCHURCH,14,1.0000000000
223:RUSSOMELEMENTARY,14,1.0000000000
223:SHELTONELEMENTARY,14,1.0000000000
223:TAYLORFARMPARK,14,1.0000000000
223:WATSONGOVTCMPLX,14,1.0000000000
223:WHITEOAKPARK,14,1.0000000000
225:BYRON1,2,1.0000000000
225:BYRON2,2,1.0000000000
225:CLAUDE,2,1.0000000000
225:FORTVALLEY1,2,1.0000000000
225:FORTVALLEY2,2,1.0000000000
225:FORTVALLEY3,2,1.0000000000
225:POWERSVILLE,2,1.0000000000
227:APPALACHIAN,11,1.0000000000
227:HILLCITY,11,1.0000000000
227:HINTON,11,1.0000000000
227:JASPER,11,1.0000000000
227:JERUSALEM,11,1.0000000000
227:LUDVILLE,11,1.0000000000
227:NELSON,11,1.0000000000
227:REFUGE,11,1.0000000000
227:SHARPTOP,11,1.0000000000
227:TALKINGROCK,11,1.0000000000
227:TATE,11,1.0000000000
227:YELLOWCREEK,11,1.0000000000
229:ALABAHA,1,1.0000000000
229:BLACKSHEAR,1,1.0000000000
229:HACKLEBARNEYCASON,1,1.0000000000
229:MERSHON,1,1.0000000000
229:OTTERCREEK,1,1.0000000000
229:PATTERSON,1,1.0000000000
229:STJOHNSBLACKSHEAR,1,1.0000000000
229:SUNSETSWEAT,1,1.0000000000
231:CONCORD,3,1.0000000000
231:HOLLONVILLE,3,1.0000000000
231:LIFSEYSPRINGS,3,1.0000000000
231:MEANSVILLE,3,1.0000000000
231:MOLENA,3,1.0000000000
231:SECONDDISTRICT,3,1.0000000000
231:WILLIAMSON,3,1.0000000000
231:ZEBULON,3,1.0000000000
233:ARAGON,14,1.0000000000
233:BLOOMINGGROVE,14,1.0000000000
233:CEDARTOWN,14,1.0000000000
233:FISHCREEK,14,1.0000000000
233:LAKECREEK,14,1.0000000000
233:ROCKMART,14,1.0000000000
233:YOUNGSGROVE,14,1.0000000000
235:ANNEX,8,1.0000000000
237:101,10,1.0000000000
237:104,10,1.0000000000
237:105,10,1.0000000000
237:106,10,1.0000000000
237:107,10,1.0000000000
239:GEORGETOWN,2,1.0000000000
239:MORRIS,2,1.0000000000
241:RABUNCOUNTY,9,1.0000000000
243:BENEVOLENCE,2,1.0000000000
243:COLEMAN,2,1.0000000000
243:CUTHBERT,2,1.0000000000
243:CUTHBERTCOURTHOUSE,2,1.0000000000
243:SHELLMAN,2,1.0000000000
243:SPRINGVALE,2,1.0000000000
245:101,12,1.0000000000
245:102,12,1.0000000000
245:103,12,1.0000000000
245:104,12,1.0000000000
245:105,12,1.0000000000
245:106,12,1.0000000000
245:107,12,1.0000000000
245:108,12,1.0000000000
245:109,12,1.0000000000
245:110,12,1.0000000000
245:111,12,1.0000000000
245:112,12,1.0000000000
245:115,12,1.0000000000
245:201,12,1.0000000000
245:202,12,1.0000000000
245:203,12,1.0000000000
245:204,12,1.0000000000
245:207,12,1.0000000000
245:208,12,1.0000000000
245:210,12,1.0000000000
245:301,12,1.0000000000
245:302,12,1.0000000000
245:303,12,1.0000000000
245:304,12,1.0000000000
245:306,12,1.0000000000
245:307,12,1.0000000000
245:308,12,1.0000000000
245:310,12,1.0000000000
245:401,12,1.0000000000
245:402,12,1.0000000000
245:403,12,1.0000000000
245:405,12,1.0000000000
245:406,12,1.0000000000
245:501,12,1.0000000000
245:502,12,1.0000000000
245:503,12,1.0000000000
245:504,12,1.0000000000
245:505,12,1.0000000000
245:506,12,1.0000000000
245:507,12,1.0000000000
245:601,12,1.0000000000
245:602,12,1.0000000000
245:604,12,1.0000000000
245:605,12,1.0000000000
245:606,12,1.0000000000
245:607,12,1.0000000000
245:608,12,1.0000000000
245:701,12,1.0000000000
245:702,12,1.0000000000
245:703,12,1.0000000000
245:704,12,1.0000000000
245:705,12,1.0000000000
245:706,12,1.0000000000
245:707,12,1.0000000000
245:708,12,1.0000000000
245:709,12,1.0000000000
245:801,12,1.0000000000
245:801B,12,1.0000000000
245:802,12,1.0000000000
245:803,12,1.0000000000
245:804,12,1.0000000000
245:804H,12,1.0000000000
245:805,12,1.0000000000
245:806,12,1.0000000000
245:807,12,1.0000000000
245:808,12,1.0000000000
245:810,12,1.0000000000
245:811,12,1.0000000000
247:BA,4,1.0000000000
247:BT,4,1.0000000000
247:CO,4,1.0000000000
247:FI,4,1.0000000000
247:FS,4,1.0000000000
247:HC,4,1.0000000000
247:HI,4,1.0000000000
247:LA,4,1.0000000000
247:LO,4,1.0000000000
247:MA,4,1.0000000000
247:MI,4,1.0000000000
247:OT,4,1.0000000000
247:RO,4,1.0000000000
247:SM,4,1.0000000000
247:SP,4,1.0000000000
247:ST,4,1.0000000000
249:PRECINCTONE,2,1.0000000000
251:BAYBRANCH,12,1.0000000000
251:COOPERVILLEFIRESTATION,12,1.0000000000
251:GREENHILLCHURCH,12,1.0000000000
251:HILTONIA,12,1.0000000000
251:HUNTERS,12,1.0000000000
251:JACKSONFIRESTATION,12,1.0000000000
251:JENKHILLFIRESTA,12,1.0000000000
251:NEWINGTON,12,1.0000000000
251:ROCKYFORD,12,1.0000000000
251:SCREVENRECDEPT,12,1.0000000000
251:SRCITIZENSCENTER,12,1.0000000000
251:SYLVANIA,12,1.0000000000
253:PRECINCT1,2,1.0000000000
253:PRECINCT2,2,1.0000000000
253:PRECINCT3,2,1.0000000000
253:PRECINCT4,2,1.0000000000
253:PRECINCT5,2,1.0000000000
255:01,3,1.0000000000
255:02,3,1.0000000000
255:03,3,1.0000000000
255:05,3,1.0000000000
255:06,3,1.0000000000
255:07,3,1.0000000000
255:08,3,1.0000000000
255:09,3,1.0000000000
255:10,3,1.0000000000
255:11,3,1.0000000000
255:12,3,1.0000000000
255:13,3,1.0000000000
255:14,3,1.0000000000
255:16,3,1.0000000000
255:17,3,1.0000000000
255:19,3,1.0000000000
255:20,3,1.0000000000
255:21,3,1.0000000000
257:SENIORCENTER,9,1.0000000000
259:LOUVALE,2,1.0000000000
259:LUMPKIN,2,1.0000000000
259:OMAHA,2,1.0000000000
259:RICHLAND,2,1.0000000000
261:AGRICENTER,2,1.0000000000
261:AIRPORT,2,1.0000000000
261:ANDERSONVILLE,2,1.0000000000
261:BROWNSMILL,2,1.0000000000
261:CONCORD,2,1.0000000000
261:JROTC,2,1.0000000000
261:LESLIE,2,1.0000000000
261:PLAINS,2,1.0000000000
261:RECDEPT,2,1.0000000000
261:REESPARK,2,1.0000000000
261:THOMPSON,2,1.0000000000
263:BOXSPRINGS,2,1.0000000000
263:FLINTHILL,2,1.0000000000
263:GENEVA,2,1.0000000000
263:JUNCTIONCITY,2,1.0000000000
263:ONEAL,2,1.0000000000
263:TALBOTTON,2,1.0000000000
263:VALLEY,2,1.0000000000
265:CRAWFORDVILLE,10,1.0000000000
265:SHARON,10,1.0000000000
267:COBBTOWN,12,1.0000000000
267:COLLINS,12,1.0000000000
267:DISTRICTII,12,1.0000000000
267:DISTRICTIV,12,1.0000000000
267:DISTRICTV,12,1.0000000000
267:EASTGLENNVILLE,12,1.0000000000
267:MANASSAS,12,1.0000000000
267:SHILOH,12,1.0000000000
269:PRECINCT1,2,1.0000000000
269:PRECINCT5,2,1.0000000000
269:PRECINCT6,2,1.0000000000
271:HELENA,8,1.0000000000
271:JACKSONVILLE,8,1.0000000000
271:LUMBERCITY,8,1.0000000000
271:MCRAE,8,1.0000000000
271:MILAN,8,1.0000000000
271:SCOTLAND,8,1.0000000000
273:BRONWOOD,2,1.0000000000
273:DAWSON,2,1.0000000000
273:GRAVES,2,1.0000000000
273:HERODDOVER,2,1.0000000000
273:PARROTT,2,1.0000000000
273:SASSER,2,1.0000000000
275:BARWICK,2,1.0000000000
275:BOSTON,2,1.0000000000
275:CENTRAL,2,1.0000000000
275:COOLIDGE,2,1.0000000000
275:DOUGLASS,2,1.0000000000
275:FIRESTATION2,2,1.0000000000
275:GATLINCREEK,2,1.0000000000
275:HARPER,2,1.0000000000
275:JERGER,2,1.0000000000
275:LITTLEOCHLOCKNEEBAPTIST,2,1.0000000000
275:MEIGS,2,1.0000000000
275:MERRILLVILLE,2,1.0000000000
275:METCALFE,2,1.0000000000
275:NEWCOVENANT,2,1.0000000000
275:OCHLOCKNEE,2,1.0000000000
275:PATTEN,2,1.0000000000
275:PAVO,2,1.0000000000
275:REMINGTONESC,2,1.0000000000
275:RESOURCECENTER,2,1.0000000000
275:SCOTT,2,1.0000000000
277:BRIGHTON,8,1.0000000000
277:BROOKFIELD,8,1.0000000000
277:CHULA,8,1.0000000000
277:DOCIA,8,1.0000000000
277:ELDORADO,8,1.0000000000
277:MOTTLITMANGYM,8,1.0000000000
277:OMEGA,8,1.0000000000
277:TIFTONLODGE,8,1.0000000000
277:TIFTONNE,8,1.0000000000
277:TIFTONNW,8,1.0000000000
277:TIFTONSOUTH,8,1.0000000000
277:TYTY,8,1.0000000000
279:15361LYONS,12,1.0000000000
279:39NEWBRANCH,12,1.0000000000
279:43CEDARCROSSING,12,1.0000000000
279:513VPD,12,1.0000000000
279:514STIALC,12,1.0000000000
281:HIAWASSEE,9,1.0000000000
281:YOUNGHARRIS,9,1.0000000000
283:ANNEX,12,1.0000000000
283:SOPERTON,12,1.0000000000
285:ADMINISTRATIONBLDG,3,1.0000000000
285:EASTVERNON,3,1.0000000000
285:GARDNERNEWMAN,3,1.0000000000
285:GRAYHILL,3,1.0000000000
285:GRIGGSCENTER,3,1.0000000000
285:HAMMETTRD,3,1.0000000000
285:HIGHLAND,3,1.0000000000
285:HOGANSVILLE,3,1.0000000000
285:HOLLISHAND,3,1.0000000000
285:LONGCANE,3,1.0000000000
285:MCCLENDON,3,1.0000000000
285:NORTHSIDE,3,1.0000000000
285:ROSEMONT,3,1.0000000000
285:WESTPOINT,3,1.0000000000
287:ASHBURN,8,1.0000000000
287:REBECCA,8,1.0000000000
287:SYCAMORE,8,1.0000000000
289:DRYBRANCH,8,1.0000000000
289:GOLDENISLES,8,1.0000000000
289:HIGGSVILLE,8,1.0000000000
289:JEFFERSONVILLEWARE,8,1.0000000000
289:SHADYGROVETARVERS,8,1.0000000000
291:BLAIRSVILLE,9,1.0000000000
291:CHOESTOE,9,1.0000000000
291:COOSA,9,1.0000000000
291:DOOLEY,9,1.0000000000
291:GUMLOG,9,1.0000000000
291:IVYLOG,9,1.0000000000
291:JONESCREEK,9,1.0000000000
291:OWLTOWN,9,1.0000000000
291:PATCOLWELL,9,1.0000000000
291:SUCHES,9,1.0000000000
291:TRACKROCK,9,1.0000000000
293:REDBONE,3,1.0000000000
293:SALEM,3,1.0000000000
293:TOWN,3,1.0000000000
293:YATESVILLE,3,1.0000000000
295:ARMUCHEEVALLEY,14,1.0000000000
295:CHATTANOOGAVALLEY,14,1.0000000000
295:CHICKAMAUGA,14,1.0000000000
295:FAIRVIEW,14,1.0000000000
295:FAIRYLAND,14,1.0000000000
295:KENSINGTON,14,1.0000000000
295:LAFAYETTE,14,1.0000000000
295:MOUNTAIN,14,1.0000000000
295:ROCKSPRING,14,1.0000000000
295:ROSSVILLE,14,1.0000000000
295:WALNUTGROVE,14,1.0000000000
297:BAYCREEK,10,1.0000000000
297:BETWEEN,10,1.0000000000
297:BLASINGAME,10,1.0000000000
297:BOLDSPRINGS,10,1.0000000000
297:BROKENARROW,10,1.0000000000
297:EMONROE,10,1.0000000000
297:GOODHOPE,10,1.0000000000
297:GRATIS,10,1.0000000000
297:JERSEY,10,1.0000000000
297:LOGANVILENORTH,10,1.0000000000
297:LOGANVILLESOUTH,10,1.0000000000
297:MOUNTAIN,10,1.0000000000
297:NORTHMONROE,10,1.0000000000
297:SOCIALCIRCLE,10,1.0000000000
297:SOUTHMONROE,10,1.0000000000
297:TARA,10,1.0000000000
297:WALKERPARK,10,1.0000000000
297:WALNUTGROVE,10,1.0000000000
297:WESTWALTON,10,1.0000000000
297:WHATLEY,10,1.0000000000
297:WMONROE,10,1.0000000000
299:100CITYAUDITORIUM,1,1.0000000000
299:200AMEMORIALSTADIUM,1,1.0000000000
299:200BCITYAUDITORIUM,1,1.0000000000
299:300WAREBOETRANSPORTATION,1,1.0000000000
299:304WAREBOELEARNINGCENTER,1,1.0000000000
299:400SECONDBAPTISTCHURCH,1,1.0000000000
299:404BICKLEYUMCHURCH,1,1.0000000000
299:405HAYWOODBAPTISTCHURCH,1,1.0000000000
299:406JAMESTOWNBAPTISTCHURCH,1,1.0000000000
299:407MANORCOMMMUNITYCENTER,1,1.0000000000
299:408MILLWOODBAPTISTCHURCH,1,1.0000000000
299:409WARESBOROCHURCHOFGOD,1,1.0000000000
301:WARRENTON,12,1.0000000000
303:DAVISBORO,12,1.0000000000
303:DEEPSTEP,12,1.0000000000
303:HARRISON,12,1.0000000000
303:OCONEE,12,1.0000000000
303:RIDDLEVILLE,12,1.0000000000
303:SANDERSVILLE,12,1.0000000000
303:TENNILLE,12,1.0000000000
303:WARTHEN,12,1.0000000000
305:ALTAMAHA,1,1.0000000000
305:EMPIRE,1,1.0000000000
305:GARDI,1,1.0000000000
305:MADRAYSPRINGS,1,1.0000000000
305:ODUM,1,1.0000000000
305:OGLETHORPE,1,1.0000000000
305:PINESTREET,1,1.0000000000
305:RECCENTER,1,1.0000000000
305:REDHILL,1,1.0000000000
305:SCREVEN,1,1.0000000000
305:UNITY,1,1.0000000000
305:VFW,1,1.0000000000
307:PRESTON1,2,1.0000000000
309:ALAMO,12,1.0000000000
309:GLENWOOD,12,1.0000000000
311:BLUECREEK,9,1.0000000000
311:BLUERIDGE,9,1.0000000000
311:MOSSYCREEK,9,1.0000000000
311:MTYONAH,9,1.0000000000
311:NACOOCHEE,9,1.0000000000
311:ROBERTSTOWNHELEN,9,1.0000000000
311:SHOALCREEK,9,1.0000000000
311:TESNATEE,9,1.0000000000
311:TOWNCREEK,9,1.0000000000
311:WHITECREEK,9,1.0000000000
313:1A,14,1.0000000000
313:2A,14,1.0000000000
313:3A,14,1.0000000000
313:4A,14,1.0000000000
313:5A,14,1.0000000000
313:6A,14,1.0000000000
313:AN,14,1.0000000000
313:CA,14,1.0000000000
313:CO,14,1.0000000000
313:DG,14,1.0000000000
313:ES,14,1.0000000000
313:FI,14,1.0000000000
313:GL,14,1.0000000000
313:LT,14,1.0000000000
313:MC,14,1.0000000000
313:NI,14,1.0000000000
313:PG,14,1.0000000000
313:TH,14,1.0000000000
313:TI,14,1.0000000000
313:TR,14,1.0000000000
313:UT,14,1.0000000000
313:VA,14,1.0000000000
313:WS,14,1.0000000000
315:ABBEVILLENORTH2,8,1.0000000000
315:ABBEVILLESOUTH5,8,1.0000000000
315:PINEVIEW2,8,1.0000000000
315:PITTS3,8,1.0000000000
315:ROCHELLENORTH1,8,1.0000000000
315:ROCHELLESOUTH4,8,1.0000000000
317:COURTHOUSE,10,0.0488958991
317:COURTHOUSE,12,0.9511041009
317:EDWARDBPOPECENTER,12,1.0000000000
317:METASVILLEFIRESTA,12,1.0000000000
317:RAYLECITYHALL,10,1.0000000000
317:SENIORCITIZENCENTER,12,1.0000000000
317:TIGNALLSCHLUNCHRM,10,0.5197841727
317:TIGNALLSCHLUNCHRM,12,0.4802158273
317:YOUNGFAMERSBLDG,12,1.0000000000
319:BLOODWORTH,8,1.0000000000
319:GRIFFIN,8,1.0000000000
319:HIGHHILL,8,1.0000000000
319:IRWINTON,8,1.0000000000
319:IVEY,8,1.0000000000
319:LORD,8,1.0000000000
319:MIDWAY,8,1.0000000000
319:RAMAH,8,1.0000000000
319:TURKEYCREEK,8,1.0000000000
321:BRIDGEBORO,8,1.0000000000
321:COUNTYLINE,8,1.0000000000
321:DOLES,8,1.0000000000
321:ISABELLA,8,1.0000000000
321:MINTON,8,1.0000000000
321:POULAN,8,1.0000000000
321:REDROCK,8,1.0000000000
321:SCOOTERVILLE,8,1.0000000000
321:SUMNER,8,1.0000000000
321:SYLVESTER,8,1.0000000000
321:SYLVESTEREAST,8,1.0000000000
321:WARWICK,8,1.0000000000
