precinct_key,district_num,area_weight,block_count,precinct_block_count
13001000002,19,1.0000000000,297,297
1300100001B,19,1.0000000000,136,136
1300100001C,19,1.0000000000,58,58
1300100003C,19,1.0000000000,311,311
1300100004B,19,1.0000000000,244,244
1300100004D,19,1.0000000000,200,200
1300100005A,19,1.0000000000,164,164
1300100005B,19,1.0000000000,139,139
130010003A1,19,1.0000000000,112,112
13003000001,8,1.0000000000,177,177
13003000002,8,1.0000000000,107,107
13003000003,8,1.0000000000,156,156
13003000004,8,1.0000000000,106,106
130050DOUGL,19,1.0000000000,752,752
1300700000A,12,1.0000000000,61,61
1300700000E,12,1.0000000000,47,47
1300700000H,12,1.0000000000,63,63
1300700000M,12,1.0000000000,39,39
1300700000N,12,1.0000000000,173,173
13009000318,25,1.0000000000,76,76
13009000319,25,1.0000000000,65,65
13009000322,25,1.0000000000,68,68
13009001714,25,1.0000000000,63,63
1300900321E,25,1.0000000000,61,61
1300900321W,25,1.0000000000,88,88
1300900CTY1,25,1.0000000000,140,140
1300900CTY2,25,1.0000000000,84,84
1300900CTY3,25,1.0000000000,53,53
1300900CTY4,25,1.0000000000,81,81
1300900CTY5,25,1.0000000000,48,48
1300900CTY6,25,1.0000000000,50,50
1300900MERI,25,1.0000000000,68,68
1300900MONT,25,1.0000000000,154,154
13011000001,50,1.0000000000,83,83
13011000002,50,1.0000000000,56,56
13011000003,50,1.0000000000,30,30
13011000004,50,1.0000000000,91,91
13011000005,50,1.0000000000,34,34
13011000006,50,1.0000000000,60,60
13011000007,50,1.0000000000,56,56
13011000008,50,1.0000000000,41,41
13011000009,50,1.0000000000,42,42
13011000010,50,1.0000000000,100,100
13011000011,50,1.0000000000,63,63
13011000012,50,1.0000000000,41,41
13011000013,50,1.0000000000,36,36
13013000001,47,1.0000000000,108,108
13013000002,45,1.0000000000,77,77
13013000003,45,1.0000000000,62,62
13013000004,45,1.0000000000,47,47
13013000005,47,1.0000000000,144,144
13013000006,45,1.0000000000,53,53
13013000007,47,1.0000000000,77,77
13013000008,47,1.0000000000,53,53
13013000009,47,1.0000000000,85,85
13013000010,45,1.0000000000,109,109
13013000011,46,1.0000000000,61,61
13013000012,45,1.0000000000,87,87
13013000013,45,1.0000000000,111,111
13013000014,45,1.0000000000,47,47
13013000015,45,1.0000000000,38,38
13013000016,46,1.0000000000,122,122
13015000001,52,1.0000000000,275,275
13015000002,37,1.0000000000,78,78
13015000003,52,1.0000000000,380,380
13015000004,52,1.0000000000,253,253
13015000005,52,1.0000000000,176,176
13015000006,52,1.0000000000,80,80
13015000007,37,1.0000000000,241,241
13015000008,52,1.0000000000,99,99
13015000009,52,1.0000000000,58,58
13015000010,52,1.0000000000,172,172
13015000011,52,1.0000000000,80,80
13015000012,52,1.0000000000,98,98
13015000014,52,1.0000000000,147,147
13015000015,52,1.0000000000,96,96
13015000016,52,1.0000000000,199,199
13015000018,52,1.0000000000,64,64
13017000001,13,1.0000000000,509,509
13017000002,13,1.0000000000,707,707
13019000518,13,1.0000000000,154,154
13019001144,13,1.0000000000,109,109
13019001148,13,1.0000000000,63,63
13019001157,13,1.0000000000,425,425
13019001329,13,1.0000000000,35,35
13019001427,13,1.0000000000,44,44
13019001642,13,1.0000000000,87,87
13019001767,13,1.0000000000,75,75
13019001819,13,1.0000000000,29,29
13021000EM1,26,1.0000000000,213,213
13021000EM2,26,1.0000000000,88,88
13021000EM3,25,1.0000000000,74,74
13021000EM4,26,1.0000000000,68,68
13021000EM5,26,1.0000000000,140,140
13021000GF1,26,1.0000000000,556,556
13021000GF2,26,1.0000000000,182,182
13021000GF3,26,1.0000000000,136,136
13021000GF4,26,1.0000000000,81,81
13021000GF5,26,1.0000000000,99,99
13021000HA1,26,1.0000000000,88,88
13021000HA2,18,1.0000000000,58,58
13021000HA3,26,1.0000000000,152,152
13021000HA4,18,1.0000000000,31,31
13021000HO1,18,0.9946534653,72,80
13021000HO1,25,0.0053465347,8,80
13021000HO2,18,1.0000000000,65,66
13021000HO3,18,0.9994176567,129,131
13021000HO3,25,0.0005823433,2,131
13021000HO4,25,1.0000000000,38,38
13021000HO5,18,0.1298299845,1,30
13021000HO5,25,0.8701700155,29,30
13021000HO6,25,1.0000000000,35,35
13021000HO7,18,1.0000000000,61,61
13021000RU1,18,1.0000000000,101,101
13021000RU2,26,1.0000000000,159,159
13021000VV1,26,1.0000000000,266,266
13021000VV2,26,1.0000000000,84,84
13021000VV3,26,1.0000000000,127,127
13021000VV4,26,1.0000000000,116,116
13021000VV5,25,1.0000000000,44,44
13021000VV6,26,1.0000000000,100,100
13021000WA1,18,1.0000000000,65,65
13021000WA2,18,1.0000000000,67,67
13023000001,20,1.0000000000,640,640
13025000001,3,1.0000000000,281,281
13025000002,3,1.0000000000,406,406
13025000003,3,1.0000000000,189,189
13027000659,11,1.0000000000,56,56
13027000660,11,1.0000000000,204,204
13027001199,11,1.0000000000,434,434
13027001230,11,1.0000000000,51,51
13027001402,11,1.0000000000,100,100
13027001650,11,1.0000000000,69,69
13027001712,11,1.0000000000,70,70
13029000001,1,1.0000000000,254,254
13029000002,1,1.0000000000,104,104
13029000003,1,1.0000000000,166,166
13029000004,1,1.0000000000,66,66
13029000005,1,1.0000000000,73,73
13029000006,1,1.0000000000,71,71
13029000007,1,1.0000000000,51,51
13029000008,1,1.0000000000,147,147
13029000009,1,1.0000000000,55,55
13029000010,1,1.0000000000,69,69
13029FTSTEW,1,1.0000000000,158,158
13031000001,4,1.0000000000,72,72
13031000002,4,1.0000000000,99,99
13031000003,4,1.0000000000,118,118
13031000004,4,1.0000000000,130,130
13031000005,4,1.0000000000,117,117
13031000006,4,1.0000000000,130,130
13031000007,4,1.0000000000,145,145
13031000008,4,1.0000000000,137,137
13031000009,4,1.0000000000,128,128
13031000010,4,1.0000000000,139,139
13031000011,4,1.0000000000,325,325
13031000012,4,1.0000000000,238,238
13031000013,4,1.0000000000,236,236
13031000014,4,1.0000000000,238,238
13031000015,4,1.0000000000,168,168
13031000016,4,1.0000000000,84,84
13033000001,23,1.0000000000,55,55
13033000002,23,1.0000000000,102,102
13033000003,23,1.0000000000,106,106
13033000004,23,1.0000000000,131,131
13033000005,23,1.0000000000,43,43
13033000006,23,1.0000000000,37,37
13033000007,23,1.0000000000,131,131
13033000008,23,1.0000000000,53,53
13033000009,23,1.0000000000,101,101
13033000010,23,1.0000000000,38,38
13033000011,23,1.0000000000,75,75
13033000012,23,1.0000000000,94,94
13033000013,23,1.0000000000,78,78
13033000014,23,1.0000000000,180,180
13033000015,23,1.0000000000,177,177
13033000016,23,1.0000000000,81,81
1303500BCCC,25,1.0000000000,661,661
13037000001,12,1.0000000000,106,106
13037000002,12,1.0000000000,135,135
13037000003,12,1.0000000000,31,31
13037000004,12,1.0000000000,98,98
13037000005,12,1.0000000000,64,64
13039000001,3,1.0000000000,198,198
13039000002,3,1.0000000000,183,183
13039000003,3,1.0000000000,217,217
13039000004,3,1.0000000000,130,130
13039000005,3,1.0000000000,97,97
13039000006,3,1.0000000000,130,130
13039000007,3,1.0000000000,133,133
13039000008,3,1.0000000000,91,91
13039000009,3,1.0000000000,142,142
13039000010,3,1.0000000000,163,163
13039000011,3,1.0000000000,67,67
13039000012,3,1.0000000000,180,180
13039000013,3,1.0000000000,95,95
13039000014,3,1.0000000000,88,88
13043001685,4,1.0000000000,288,288
13043001736,4,1.0000000000,341,341
13045000501,30,1.0000000000,89,89
13045000640,30,1.0000000000,78,78
13045000641,30,1.0000000000,78,78
13045000642,30,1.0000000000,163,163
13045000649,30,1.0000000000,113,113
13045000650,30,1.0000000000,110,110
13045000682,6,1.0000000000,134,134
13045000713,6,1.0000000000,156,156
13045000715,6,1.0000000000,39,39
13045001006,6,1.0000000000,66,66
13045001111,6,1.0000000000,147,147
13045001122,30,1.0000000000,95,95
13045001152,30,1.0000000000,70,70
13045001240,30,1.0000000000,117,117
13045001371,6,1.0000000000,49,49
13045001483,6,0.9952668946,135,138
13045001483,30,0.0047331054,3,138
13045001496,30,1.0000000000,135,135
13045001533,6,1.0000000000,81,81
13045001540,30,1.0000000000,70,70
13045001542,30,1.0000000000,48,48
130450714A1,30,1.0000000000,148,148
130450714A2,30,1.0000000000,45,45
130450714A3,6,0.0364459266,2,97
130450714A3,30,0.9635540734,95,97
130450714A4,6,1.0000000000,77,77
130450714A5,30,1.0000000000,73,73
130450714A6,6,0.0884652981,2,62
130450714A6,30,0.9115347019,60,62
130450714BN,30,1.0000000000,53,53
130450714BW,6,1.0000000000,49,49
1304700BLCK,53,1.0000000000,120,120
1304700BOYN,53,1.0000000000,114,114
1304700CAKT,53,1.0000000000,94,94
1304700CHAM,53,1.0000000000,75,75
1304700FT-O,53,1.0000000000,149,149
1304700GRAY,53,1.0000000000,94,94
1304700LAKE,53,1.0000000000,143,143
1304700POPS,53,1.0000000000,58,58
1304700RING,53,1.0000000000,217,217
1304700WEST,53,1.0000000000,155,155
1304700WOOD,53,1.0000000000,89,89
13049000002,3,1.0000000000,243,243
1304900003B,3,1.0000000000,89,89
1304900003S,3,1.0000000000,232,232
1304900004A,3,1.0000000000,158,158
1304900004H,3,1.0000000000,176,176
1304900005F,3,1.0000000000,85,85
1304900005R,3,1.0000000000,81,81
1304900005W,3,1.0000000000,82,82
1305101-01C,2,1.0000000000,128,128
1305101-05C,2,1.0000000000,113,113
1305101-06C,2,1.0000000000,61,61
1305101-08C,2,1.0000000000,47,47
1305101-09C,2,1.0000000000,40,40
1305101-10C,1,1.0000000000,33,33
1305101-12C,1,1.0000000000,48,48
1305101-13C,1,1.0000000000,32,32
1305101-14C,1,1.0000000000,22,22
1305101-16C,1,1.0000000000,59,59
1305101-17C,1,1.0000000000,60,60
1305102-02C,2,1.0000000000,103,103
1305102-03C,2,1.0000000000,85,85
1305102-04C,2,1.0000000000,147,147
1305102-05C,2,1.0000000000,78,78
1305102-06C,2,1.0000000000,29,29
1305102-07C,2,1.0000000000,110,110
1305102-09C,2,1.0000000000,108,108
1305102-11C,2,1.0000000000,76,76
1305102-12C,2,1.0000000000,132,132
1305103-01C,2,1.0000000000,155,155
1305103-02C,2,1.0000000000,143,143
1305103-03C,2,1.0000000000,32,32
1305103-04C,2,1.0000000000,47,47
1305103-05C,2,1.0000000000,66,66
1305103-08C,2,1.0000000000,29,29
1305103-09C,2,1.0000000000,18,18
1305103-10C,2,1.0000000000,86,86
1305103-11C,2,1.0000000000,28,28
1305103-12C,2,1.0000000000,80,80
1305103-13C,2,1.0000000000,43,43
1305103-14C,2,1.0000000000,32,32
1305103-15C,1,1.0000000000,25,25
1305104-02C,1,1.0000000000,52,52
1305104-04C,1,1.0000000000,38,38
1305104-05C,1,1.0000000000,18,18
1305104-06C,1,1.0000000000,38,38
1305104-07C,1,1.0000000000,48,48
1305104-08C,1,1.0000000000,45,45
1305104-10C,1,1.0000000000,96,96
1305104-11C,1,1.0000000000,106,106
1305104-12C,1,1.0000000000,116,116
1305104-13C,1,1.0000000000,40,40
1305104-14C,1,1.0000000000,39,39
1305104-15C,1,1.0000000000,33,33
1305105-01C,2,1.0000000000,18,18
1305105-02C,2,1.0000000000,42,42
1305105-03C,2,1.0000000000,72,72
1305105-05C,2,1.0000000000,58,58
1305105-06C,2,1.0000000000,137,137
1305105-07C,2,1.0000000000,35,35
1305105-08C,2,1.0000000000,38,38
1305105-10C,2,1.0000000000,97,97
1305105-11C,2,1.0000000000,36,36
1305106-01C,2,1.0000000000,25,25
1305106-02C,1,1.0000000000,40,40
1305106-03C,2,1.0000000000,43,43
1305106-05C,2,1.0000000000,40,40
1305106-06C,2,1.0000000000,24,24
1305106-08C,2,1.0000000000,34,34
1305106-09C,2,1.0000000000,64,64
1305106-10C,1,1.0000000000,123,123
1305106-11C,1,1.0000000000,90,90
1305107-01C,2,1.0000000000,39,39
1305107-03C,2,1.0000000000,130,130
1305107-04C,2,1.0000000000,148,148
1305107-05C,2,1.0000000000,42,42
1305107-06C,4,1.0000000000,96,96
1305107-07C,4,1.0000000000,160,160
1305107-08C,1,0.8071596551,178,197
1305107-08C,4,0.1928403449,19,197
1305107-09C,1,1.0000000000,75,75
1305107-10C,2,1.0000000000,64,64
1305107-11C,2,1.0000000000,154,154
1305107-12C,1,0.5782786432,40,76
1305107-12C,4,0.4217213568,36,76
1305107-13C,4,1.0000000000,44,44
1305107-14C,2,1.0000000000,76,76
1305107-15C,2,1.0000000000,27,27
1305108-01C,2,1.0000000000,168,168
1305108-02C,2,1.0000000000,140,140
1305108-03C,2,1.0000000000,55,55
1305108-05C,2,1.0000000000,67,67
1305108-06C,2,1.0000000000,61,61
1305108-07C,2,1.0000000000,97,97
1305108-08C,2,1.0000000000,89,89
1305108-09C,2,1.0000000000,45,45
1305108-10C,2,1.0000000000,66,66
1305108-11C,2,1.0000000000,20,20
1305108-12C,2,1.0000000000,87,87
1305108-13C,2,1.0000000000,52,52
1305108-15C,2,1.0000000000,55,55
130510XFTPU,1,1.0000000000,38,38
13053000001,15,1.0000000000,157,157
13053FTBEN1,15,1.0000000000,177,177
13053FTBEN2,15,1.0000000000,201,201
13053FTBEN3,15,1.0000000000,146,146
13055000870,53,1.0000000000,216,216
13055000925,53,1.0000000000,283,283
13055000940,53,1.0000000000,52,52
13055000961,53,1.0000000000,23,23
13055000962,53,1.0000000000,37,37
13055000968,53,1.0000000000,64,64
13055001083,53,1.0000000000,35,35
13055001216,53,1.0000000000,14,14
13055001382,53,1.0000000000,11,11
13055001484,53,1.0000000000,65,65
130550P-870,53,1.0000000000,41,41
13055XC-968,53,1.0000000000,73,73
13057000001,56,1.0000000000,30,30
13057000002,56,1.0000000000,32,32
13057000003,21,1.0000000000,31,31
13057000004,21,1.0000000000,219,219
13057000005,32,1.0000000000,44,44
13057000006,32,1.0000000000,70,70
13057000007,32,1.0000000000,35,35
13057000008,21,1.0000000000,32,32
13057000009,32,1.0000000000,35,35
13057000010,21,1.0000000000,148,148
13057000011,32,1.0000000000,65,65
13057000012,56,1.0000000000,116,116
13057000013,21,1.0000000000,151,151
13057000014,21,1.0000000000,51,51
13057000015,32,1.0000000000,20,20
13057000016,32,1.0000000000,74,74
13057000018,21,1.0000000000,102,102
13057000019,21,1.0000000000,103,103
13057000020,21,1.0000000000,49,49
13057000021,32,1.0000000000,18,18
13057000022,56,1.0000000000,86,86
13057000023,32,1.0000000000,68,68
13057000024,32,1.0000000000,146,146
13057000026,56,1.0000000000,104,104
13057000027,21,1.0000000000,49,49
13057000028,21,1.0000000000,22,22
13057000029,32,1.0000000000,49,49
13057000030,21,1.0000000000,106,106
13057000031,21,1.0000000000,79,79
13057000032,32,1.0000000000,19,19
13057000033,21,1.0000000000,43,43
13057000034,32,1.0000000000,34,34
13057000035,32,1.0000000000,49,49
13057000036,21,1.0000000000,186,186
13057000037,56,1.0000000000,73,73
13057000038,21,1.0000000000,62,62
13057000039,21,1.0000000000,60,60
13057000040,32,1.0000000000,42,42
13057000041,21,1.0000000000,66,66
13057000042,56,1.0000000000,38,38
13057000043,56,1.0000000000,33,33
13057000044,56,1.0000000000,117,117
1305900001A,47,1.0000000000,122,122
1305900001B,47,1.0000000000,75,75
1305900001C,46,1.0000000000,47,47
1305900001D,46,1.0000000000,54,54
1305900002A,47,1.0000000000,108,108
1305900002B,47,1.0000000000,98,98
1305900003A,46,1.0000000000,85,85
1305900003B,46,0.6334674350,69,145
1305900003B,47,0.3665325650,76,145
1305900004A,47,1.0000000000,53,53
1305900004B,46,1.0000000000,133,133
1305900005A,47,1.0000000000,75,75
1305900005B,47,1.0000000000,58,58
1305900005C,47,1.0000000000,80,80
1305900005D,47,1.0000000000,94,94
1305900006A,46,1.0000000000,102,102
1305900006B,47,1.0000000000,67,67
1305900006C,46,0.5961206897,27,44
1305900006C,47,0.4038793103,17,44
1305900006D,47,1.0000000000,31,31
1305900007A,46,1.0000000000,67,67
1305900007B,46,1.0000000000,66,66
1305900007C,46,1.0000000000,70,70
1305900008A,47,1.0000000000,44,44
1305900008B,47,1.0000000000,32,32
1305900008C,47,1.0000000000,59,59
13061000001,12,1.0000000000,131,131
13061000002,12,1.0000000000,44,44
13061000003,12,1.0000000000,47,47
13061000004,12,1.0000000000,72,72
13061000005,12,1.0000000000,71,71
13063000EW1,44,1.0000000000,99,99
13063000FP1,34,1.0000000000,133,133
13063000FP2,34,1.0000000000,72,72
13063000FP3,34,1.0000000000,155,155
13063000FP4,34,1.0000000000,39,39
13063000FP5,34,1.0000000000,63,63
13063000FP6,34,1.0000000000,30,30
13063000LC1,44,1.0000000000,113,113
13063000LJ1,17,1.0000000000,55,55
13063000LJ2,17,1.0000000000,63,63
13063000LJ3,17,1.0000000000,118,118
13063000LJ4,17,1.0000000000,30,30
13063000LJ5,17,1.0000000000,50,50
13063000MO1,44,1.0000000000,75,75
13063000MO2,44,1.0000000000,72,72
13063000MO3,44,1.0000000000,68,68
13063000MO4,44,1.0000000000,23,23
13063000MO5,44,1.0000000000,79,79
13063000MO6,44,1.0000000000,37,37
13063000MO7,44,1.0000000000,21,21
13063000MO8,44,1.0000000000,26,26
13063000MO9,44,1.0000000000,21,21
13063000PH1,34,1.0000000000,22,22
13063000PH2,17,1.0000000000,46,46
1306300JB01,34,1.0000000000,37,37
1306300JB02,34,1.0000000000,56,56
1306300JB03,17,1.0000000000,114,114
1306300JB04,34,1.0000000000,57,57
1306300JB05,17,1.0000000000,34,34
1306300JB06,17,1.0000000000,33,33
1306300JB07,17,1.0000000000,31,31
1306300JB08,44,1.0000000000,34,34
1306300JB09,34,1.0000000000,39,39
1306300JB10,34,1.0000000000,47,47
1306300JB11,17,1.0000000000,56,56
1306300JB12,34,1.0000000000,27,27
1306300JB13,17,1.0000000000,15,15
1306300JB14,17,1.0000000000,40,40
1306300JB15,34,1.0000000000,50,50
1306300JB16,34,1.0000000000,34,34
1306300JB17,34,1.0000000000,44,44
1306300JB18,17,1.0000000000,49,49
1306300OAK1,34,1.0000000000,110,110
1306300OAK2,34,1.0000000000,35,35
1306300OAK3,34,1.0000000000,42,42
1306300OAK4,34,1.0000000000,34,34
1306300RD01,34,1.0000000000,30,30
1306300RD02,34,1.0000000000,43,43
1306300RD03,34,1.0000000000,57,57
1306300RD04,34,1.0000000000,67,67
1306300RD05,34,1.0000000000,30,30
1306300RD06,34,1.0000000000,63,63
1306300RD07,34,1.0000000000,46,46
1306300RD08,34,1.0000000000,54,54
1306300RD09,34,1.0000000000,32,32
1306300RD10,34,1.0000000000,28,28
1306300RD11,34,1.0000000000,32,32
1306300RD12,34,1.0000000000,52,52
1306500000D,8,1.0000000000,212,212
1306500000F,8,1.0000000000,306,306
1306500000H,8,1.0000000000,468,468
130650000AB,8,1.0000000000,69,69
130650000AG,8,1.0000000000,84,84
1306700AC1A,37,1.0000000000,104,104
1306700AC1B,37,1.0000000000,105,105
1306700AC1C,37,1.0000000000,58,58
1306700AD01,32,1.0000000000,27,27
1306700AU1A,28,1.0000000000,192,192
1306700BF02,32,1.0000000000,37,37
1306700BF03,32,1.0000000000,66,66
1306700BG01,37,1.0000000000,98,98
1306700BG02,32,1.0000000000,16,16
1306700BK01,37,1.0000000000,51,51
1306700BR01,35,1.0000000000,31,31
1306700BR02,35,1.0000000000,47,47
1306700BT01,28,1.0000000000,16,16
1306700BT02,28,1.0000000000,65,65
1306700BW01,32,1.0000000000,27,27
1306700CA01,35,1.0000000000,81,81
1306700CH02,37,1.0000000000,39,39
1306700CH03,37,1.0000000000,43,43
1306700CK01,32,1.0000000000,85,85
1306700CL01,28,0.0012445551,4,58
1306700CL01,33,0.9987554449,54,58
1306700CL02,28,1.0000000000,90,90
1306700CO01,33,1.0000000000,82,82
1306700CR01,56,1.0000000000,15,15
1306700DC01,56,1.0000000000,24,24
1306700DI01,33,0.3912599319,130,220
1306700DI01,35,0.6087400681,90,220
1306700DL01,37,1.0000000000,25,25
1306700DO01,56,1.0000000000,23,23
1306700DU01,37,1.0000000000,26,26
1306700DV01,56,1.0000000000,11,11
1306700EA01,33,1.0000000000,21,21
1306700EA02,33,1.0000000000,43,43
1306700EL01,32,0.6357728172,59,87
1306700EL01,37,0.3642271828,28,87
1306700EL02,32,1.0000000000,54,54
1306700EL03,32,1.0000000000,35,35
1306700EL04,32,1.0000000000,51,51
1306700EL05,32,1.0000000000,24,24
1306700EP01,32,1.0000000000,45,45
1306700FO02,33,1.0000000000,77,77
1306700FO04,33,1.0000000000,113,113
1306700FP01,32,1.0000000000,29,29
1306700FR01,37,1.0000000000,25,25
1306700FY01,37,1.0000000000,23,23
1306700GM01,56,1.0000000000,25,25
1306700GT01,32,1.0000000000,65,65
1306700HL01,28,1.0000000000,107,107
1306700HR01,37,1.0000000000,31,31
1306700HT01,56,1.0000000000,38,38
1306700HY01,37,1.0000000000,32,32
1306700KE1A,32,0.3019253209,2,52
1306700KE1A,37,0.6980746791,50,52
1306700KE2A,37,1.0000000000,71,71
1306700KE3A,37,1.0000000000,113,113
1306700KE4A,37,1.0000000000,51,51
1306700KE5A,37,1.0000000000,41,41
1306700KL01,56,1.0000000000,17,17
1306700KP01,37,1.0000000000,15,15
1306700KP02,37,1.0000000000,32,32
1306700KP03,37,1.0000000000,47,47
1306700LA01,56,1.0000000000,30,30
1306700LI01,28,1.0000000000,95,95
1306700LM01,37,1.0000000000,30,30
1306700LM02,37,1.0000000000,22,22
1306700LM03,37,1.0000000000,60,60
1306700LM04,37,1.0000000000,17,17
1306700MA01,28,1.0000000000,91,91
1306700MA02,28,1.0000000000,103,103
1306700MA03,28,1.0000000000,59,59
1306700MA04,28,1.0000000000,33,33
1306700MB01,56,1.0000000000,8,8
1306700MC01,33,1.0000000000,30,30
1306700MD01,56,1.0000000000,39,39
1306700ME01,33,1.0000000000,58,58
1306700MK01,56,1.0000000000,16,16
1306700ML01,37,1.0000000000,13,13
1306700MR1A,33,1.0000000000,186,186
1306700MR2A,37,1.0000000000,20,20
1306700MR2B,33,1.0000000000,45,45
1306700MR3A,32,0.3602159073,56,106
1306700MR3A,33,0.6397840927,50,106
1306700MR4A,32,1.0000000000,33,33
1306700MR4B,32,1.0000000000,71,71
1306700MR4C,37,1.0000000000,42,42
1306700MR5A,33,1.0000000000,160,160
1306700MR5B,32,1.0000000000,100,100
1306700MR6A,32,0.2374415888,22,62
1306700MR6A,33,0.7625584112,40,62
1306700MR6B,32,1.0000000000,62,62
1306700MR7A,33,1.0000000000,110,110
1306700MS01,37,1.0000000000,62,62
1306700MS02,37,1.0000000000,31,31
1306700MT01,56,1.0000000000,42,42
1306700MT03,33,1.0000000000,36,36
1306700MT04,33,1.0000000000,23,23
1306700NC01,37,1.0000000000,70,70
1306700NJ01,28,0.0015923567,1,67
1306700NJ01,35,0.9984076433,66,67
1306700NP01,35,1.0000000000,84,84
1306700NS01,56,1.0000000000,44,44
1306700OK01,28,0.4345238095,43,75
1306700OK01,35,0.5654761905,32,75
1306700OR01,37,1.0000000000,14,14
1306700OR02,33,1.0000000000,48,48
1306700OR03,33,1.0000000000,135,136
1306700OR04,33,1.0000000000,47,47
1306700OR05,37,1.0000000000,22,22
1306700PE01,28,1.0000000000,58,58
1306700PF01,33,1.0000000000,80,80
1306700PM01,37,1.0000000000,35,35
1306700PM02,37,1.0000000000,58,58
1306700PO01,56,1.0000000000,33,33
1306700PP01,56,1.0000000000,26,26
1306700PR01,32,1.0000000000,21,21
1306700PS1A,33,1.0000000000,78,78
1306700PS2A,33,1.0000000000,46,46
1306700PS3A,33,1.0000000000,70,70
1306700PT01,32,1.0000000000,15,15
1306700RM01,56,1.0000000000,29,29
1306700RS01,28,1.0000000000,34,34
1306700RW01,56,1.0000000000,44,44
1306700RW02,56,1.0000000000,33,33
1306700SA01,56,1.0000000000,30,30
1306700SF01,56,1.0000000000,25,25
1306700SI01,56,1.0000000000,16,16
1306700SM01,32,1.0000000000,45,45
1306700SM03,33,1.0000000000,58,58
1306700SN1A,35,1.0000000000,50,50
1306700SN2A,35,1.0000000000,68,68
1306700SN3A,35,1.0000000000,193,193
1306700SN4A,28,0.0327086882,4,65
1306700SN4A,35,0.9672913118,61,65
1306700SN5A,35,1.0000000000,110,110
1306700SN6A,28,0.0747990213,14,95
1306700SN6A,35,0.9252009787,81,95
1306700SN7A,28,1.0000000000,102,102
1306700SO01,33,1.0000000000,17,17
1306700SO02,33,1.0000000000,50,50
1306700SO03,33,1.0000000000,32,32
1306700SW01,33,1.0000000000,38,38
1306700SW02,33,1.0000000000,45,45
1306700TM01,33,1.0000000000,45,45
1306700TR01,56,1.0000000000,17,17
1306700VA01,37,1.0000000000,22,22
1306700VG01,35,1.0000000000,46,46
1306700VG02,35,1.0000000000,77,77
1306700VG03,35,1.0000000000,51,51
1306700VG04,35,1.0000000000,39,39
1306700WG02,37,1.0000000000,35,35
1306700WL01,56,1.0000000000,19,19
13069000001,13,0.4470833545,406,875
13069000001,19,0.5529166455,469,875
13069000002,13,1.0000000000,220,220
13069000003,13,1.0000000000,40,40
13069000004,13,1.0000000000,204,204
13069000005,19,1.0000000000,256,256
13069000006,19,1.0000000000,107,107
13071000001,11,1.0000000000,295,295
13071000002,11,1.0000000000,331,331
13071000007,11,1.0000000000,102,102
13071000008,11,1.0000000000,72,72
13071000009,11,1.0000000000,23,23
13071000010,11,1.0000000000,102,102
13071000011,11,1.0000000000,57,57
13071000012,11,1.0000000000,81,81
13071000013,11,1.0000000000,47,47
13071000014,11,1.0000000000,62,62
13071000015,11,1.0000000000,90,90
13071000016,11,1.0000000000,43,43
13071000017,11,1.0000000000,123,123
13071000018,11,1.0000000000,63,63
13071000019,11,1.0000000000,149,149
13071000020,11,1.0000000000,110,110
13071000021,11,1.0000000000,26,26
13071000022,11,1.0000000000,58,58
13071000023,11,1.0000000000,85,85
13073000010,24,1.0000000000,55,55
13073000015,24,1.0000000000,24,24
13073000016,23,1.0000000000,17,17
13073000017,24,1.0000000000,48,48
13073000018,23,1.0000000000,40,40
13073000020,23,1.0000000000,165,165
13073000025,23,1.0000000000,54,54
13073000026,23,1.0000000000,38,38
13073000030,23,1.0000000000,62,62
13073000031,23,1.0000000000,73,73
13073000032,23,1.0000000000,23,23
13073000033,23,1.0000000000,46,46
13073000034,23,1.0000000000,30,30
13073000040,24,1.0000000000,26,26
13073000050,24,1.0000000000,36,36
13073000051,24,1.0000000000,33,33
13073000060,24,1.0000000000,19,19
13073000061,24,1.0000000000,58,58
13073000062,24,1.0000000000,45,45
13073000063,24,1.0000000000,8,8
13073000064,24,1.0000000000,26,26
13073000065,24,1.0000000000,20,20
13073000070,23,1.0000000000,30,30
13073000074,23,1.0000000000,38,38
13073000075,23,1.0000000000,30,30
13073000076,23,1.0000000000,31,31
13073000080,24,1.0000000000,29,29
13073000085,23,1.0000000000,22,22
13073000090,24,1.0000000000,53,53
13073000100,24,1.0000000000,41,41
13073000105,24,1.0000000000,12,12
13073000107,24,1.0000000000,18,18
13073000108,24,1.0000000000,20,20
13073000109,24,1.0000000000,43,43
13073000110,24,1.0000000000,29,29
13073000111,24,1.0000000000,19,19
13073000115,24,1.0000000000,36,36
13073000120,24,1.0000000000,34,34
13073000125,24,1.0000000000,23,23
13073000130,24,1.0000000000,31,31
13073000131,24,1.0000000000,19,19
13073000132,24,1.0000000000,18,18
13073000134,24,1.0000000000,38,38
13073000135,24,1.0000000000,20,20
13073000136,24,1.0000000000,24,24
13073000137,24,1.0000000000,19,19
1307500000C,11,1.0000000000,206,206
1307500000L,11,1.0000000000,170,170
1307500000M,11,1.0000000000,78,78
1307500000S,11,1.0000000000,123,123
130750000DB,11,1.0000000000,181,181
130750000EP,11,1.0000000000,65,65
130750000NL,11,1.0000000000,102,102
130750000RB,11,1.0000000000,118,118
13077000001,6,1.0000000000,172,172
13077000002,6,1.0000000000,132,132
13077000003,6,1.0000000000,104,104
13077000004,6,1.0000000000,42,42
13077000005,6,1.0000000000,120,120
13077000006,6,1.0000000000,75,75
13077000007,6,1.0000000000,89,89
13077000008,6,1.0000000000,88,88
13077000009,6,1.0000000000,134,134
13077000010,6,1.0000000000,74,74
13077000011,6,1.0000000000,85,85
13077000012,6,1.0000000000,115,115
13077000013,6,1.0000000000,66,66
13077000014,6,1.0000000000,103,103
13077000015,6,1.0000000000,52,52
13077000017,6,1.0000000000,207,207
13077000018,6,1.0000000000,191,191
13077000019,6,1.0000000000,102,102
13077000020,6,1.0000000000,67,67
13077000021,6,1.0000000000,58,58
13077000022,6,1.0000000000,75,75
13077000023,6,1.0000000000,40,40
13077000024,6,1.0000000000,33,33
13077000025,6,1.0000000000,34,34
13077000026,6,1.0000000000,36,36
13077000027,6,1.0000000000,25,25
13077000028,6,1.0000000000,194,194
13079000002,18,1.0000000000,158,158
13079000003,18,1.0000000000,75,75
13079000004,18,1.0000000000,43,43
13079000005,18,1.0000000000,63,63
1307900001A,18,1.0000000000,41,41
1307900001B,18,1.0000000000,41,41
130810ARABI,13,1.0000000000,165,165
130810CONEY,13,1.0000000000,60,60
130810CORDE,13,1.0000000000,850,850
130810JAMES,13,1.0000000000,111,111
130810LISTO,13,1.0000000000,96,96
13083000960,53,1.0000000000,198,198
13083000974,53,1.0000000000,127,127
13083001038,53,1.0000000000,107,107
13083001214,53,1.0000000000,82,82
13083001222,53,1.0000000000,99,99
13083001885,53,1.0000000000,42,42
13083001889,53,1.0000000000,52,52
13085000001,51,1.0000000000,120,120
13085000002,51,1.0000000000,445,445
13085000003,51,1.0000000000,211,211
13087000513,11,1.0000000000,345,345
13087000514,11,1.0000000000,239,239
13087000694,11,1.0000000000,173,173
13087001277,11,1.0000000000,57,57
13087001325,11,1.0000000000,95,95
13087001342,11,1.0000000000,46,46
13087001361,11,1.0000000000,136,136
13087001613,11,1.0000000000,148,148
13087001805,11,1.0000000000,201,201
130890000AA,41,1.0000000000,20,20
130890000AB,40,1.0000000000,41,41
130890000AD,40,1.0000000000,27,27
130890000AE,10,1.0000000000,80,80
130890000AF,41,1.0000000000,40,40
130890000AG,40,1.0000000000,27,27
130890000AH,40,1.0000000000,32,32
130890000AI,10,0.5043830074,30,65
130890000AI,44,0.4956169926,35,65
130890000BB,44,1.0000000000,74,74
130890000BC,41,1.0000000000,41,41
130890000BD,41,1.0000000000,35,35
130890000BE,41,1.0000000000,25,25
130890000BF,55,1.0000000000,42,42
130890000BG,41,1.0000000000,24,24
130890000BH,41,1.0000000000,35,35
130890000BI,40,1.0000000000,45,45
130890000BJ,10,1.0000000000,38,38
130890000BL,44,1.0000000000,56,56
130890000BM,41,1.0000000000,41,41
130890000BR,44,1.0000000000,74,74
130890000CA,10,1.0000000000,24,24
130890000CB,10,1.0000000000,23,23
130890000CC,10,1.0000000000,12,12
130890000CD,44,1.0000000000,32,32
130890000CE,40,1.0000000000,80,80
130890000CF,10,1.0000000000,38,38
130890000CG,10,1.0000000000,26,26
130890000CH,40,1.0000000000,24,24
130890000CI,44,1.0000000000,49,49
130890000CJ,10,1.0000000000,35,35
130890000CK,41,1.0000000000,118,118
130890000CL,44,1.0000000000,20,20
130890000CM,10,1.0000000000,25,25
130890000CO,41,1.0000000000,23,23
130890000CP,41,1.0000000000,26,26
130890000CQ,10,1.0000000000,52,52
130890000CR,44,1.0000000000,34,34
130890000CS,44,1.0000000000,33,33
130890000CT,41,1.0000000000,8,8
130890000CU,10,1.0000000000,31,31
130890000CV,44,1.0000000000,44,44
130890000CW,10,1.0000000000,30,30
130890000CX,40,1.0000000000,44,44
130890000DA,40,1.0000000000,106,106
130890000DB,40,1.0000000000,42,42
130890000DC,40,1.0000000000,110,110
130890000DE,41,1.0000000000,36,36
130890000DF,40,1.0000000000,29,29
130890000DG,40,1.0000000000,13,13
130890000DH,44,1.0000000000,58,58
130890000DI,40,1.0000000000,21,21
130890000EA,44,1.0000000000,111,111
130890000EC,40,1.0000000000,27,27
130890000EE,44,1.0000000000,73,73
130890000EF,40,1.0000000000,47,47
130890000EG,44,1.0000000000,40,40
130890000ER,44,1.0000000000,49,49
130890000FA,41,1.0000000000,23,23
130890000FB,44,1.0000000000,46,46
130890000FC,44,1.0000000000,33,33
130890000FE,10,1.0000000000,29,29
130890000FG,10,1.0000000000,25,25
130890000FJ,44,1.0000000000,18,18
130890000FK,10,1.0000000000,27,27
130890000FL,10,1.0000000000,19,19
130890000FM,41,1.0000000000,32,32
130890000GA,44,1.0000000000,55,55
130890000GB,41,1.0000000000,21,21
130890000GC,44,1.0000000000,30,30
130890000GD,40,1.0000000000,40,40
130890000GF,41,1.0000000000,21,21
130890000HA,41,1.0000000000,30,30
130890000HB,40,1.0000000000,48,48
130890000HC,40,1.0000000000,29,29
130890000HF,40,1.0000000000,31,31
130890000HG,55,1.0000000000,37,37
130890000HH,10,1.0000000000,22,22
130890000HI,41,1.0000000000,21,21
130890000IA,41,1.0000000000,25,25
130890000IB,41,1.0000000000,32,32
130890000JA,44,1.0000000000,33,33
130890000JB,41,1.0000000000,51,51
130890000KA,44,1.0000000000,31,31
130890000KB,40,1.0000000000,18,18
130890000KC,10,1.0000000000,13,13
130890000KD,10,1.0000000000,44,44
130890000KE,10,1.0000000000,34,34
130890000KG,40,1.0000000000,18,18
130890000LA,41,1.0000000000,52,52
130890000LB,10,0.7607455306,21,30
130890000LB,44,0.2392544694,9,30
130890000LC,41,1.0000000000,21,21
130890000LD,43,1.0000000000,67,67
130890000LE,44,1.0000000000,50,50
130890000LH,55,1.0000000000,34,34
130890000LV,55,1.0000000000,17,17
130890000MA,41,1.0000000000,28,28
130890000MB,44,1.0000000000,68,68
130890000MC,55,1.0000000000,15,15
130890000MD,44,1.0000000000,47,47
130890000ME,10,1.0000000000,56,56
130890000MF,41,1.0000000000,23,23
130890000MG,10,1.0000000000,35,35
130890000MH,55,1.0000000000,32,32
130890000MI,41,1.0000000000,52,52
130890000MJ,41,1.0000000000,23,23
130890000MK,41,1.0000000000,39,39
130890000ML,44,1.0000000000,65,65
130890000MN,41,1.0000000000,36,36
130890000MO,10,1.0000000000,45,45
130890000MP,44,1.0000000000,31,31
130890000MQ,40,1.0000000000,25,25
130890000MR,10,1.0000000000,23,23
130890000MS,40,1.0000000000,27,27
130890000MT,44,1.0000000000,67,67
130890000MU,40,1.0000000000,27,27
130890000MV,10,1.0000000000,15,15
130890000MW,40,1.0000000000,18,18
130890000MZ,55,1.0000000000,22,22
130890000NB,10,1.0000000000,44,45
130890000NC,55,1.0000000000,15,15
130890000ND,41,1.0000000000,16,16
130890000NF,40,1.0000000000,15,15
130890000OA,41,1.0000000000,33,33
130890000OB,40,1.0000000000,61,61
130890000OK,44,1.0000000000,46,46
130890000OV,10,1.0000000000,34,34
130890000PA,10,1.0000000000,27,27
130890000PB,40,1.0000000000,29,29
130890000PC,55,1.0000000000,28,28
130890000PE,41,1.0000000000,42,42
130890000PF,40,1.0000000000,58,58
130890000PG,44,1.0000000000,42,42
130890000PH,41,1.0000000000,24,24
130890000PI,41,1.0000000000,17,17
130890000PN,44,1.0000000000,36,36
130890000PR,55,1.0000000000,28,28
130890000RA,10,1.0000000000,45,45
130890000RC,55,1.0000000000,21,21
130890000RD,41,1.0000000000,24,24
130890000RE,41,0.9907932011,32,37
130890000RE,55,0.0092067989,5,37
130890000RF,55,1.0000000000,19,19
130890000RG,41,1.0000000000,47,47
130890000RH,55,1.0000000000,30,30
130890000RI,55,1.0000000000,31,31
130890000RJ,41,1.0000000000,20,20
130890000RK,55,1.0000000000,12,12
130890000RL,43,1.0000000000,54,54
130890000RM,41,1.0000000000,14,14
130890000RN,44,1.0000000000,27,27
130890000SA,41,1.0000000000,40,40
130890000SB,10,1.0000000000,56,56
130890000SC,10,1.0000000000,64,64
130890000SD,55,1.0000000000,87,87
130890000SE,40,1.0000000000,48,48
130890000SF,40,1.0000000000,42,42
130890000SG,10,1.0000000000,19,19
130890000SH,55,1.0000000000,28,28
130890000SI,55,1.0000000000,52,52
130890000SJ,55,1.0000000000,44,44
130890000SK,55,1.0000000000,33,33
130890000SL,43,1.0000000000,45,45
130890000SM,10,1.0000000000,18,18
130890000SN,10,1.0000000000,17,17
130890000SO,55,1.0000000000,12,12
130890000SP,55,1.0000000000,26,26
130890000SQ,55,1.0000000000,79,79
130890000SR,10,1.0000000000,29,29
130890000SS,10,1.0000000000,24,24
130890000ST,55,1.0000000000,11,11
130890000SU,41,1.0000000000,25,25
130890000SV,55,1.0000000000,22,22
130890000SW,43,1.0000000000,66,66
130890000TA,44,1.0000000000,36,36
130890000TC,10,1.0000000000,20,20
130890000TF,55,1.0000000000,51,51
130890000TG,40,1.0000000000,23,23
130890000TH,55,1.0000000000,56,56
130890000VB,10,1.0000000000,16,16
130890000WA,10,1.0000000000,39,39
130890000WB,10,1.0000000000,16,16
130890000WC,44,1.0000000000,71,71
130890000WD,55,1.0000000000,32,32
130890000WF,44,1.0000000000,34,34
130890000WG,41,1.0000000000,24,24
130890000WI,40,1.0000000000,27,27
130890000WJ,41,1.0000000000,57,57
130890000WK,41,1.0000000000,27,27
130890000WL,40,1.0000000000,19,19
130890000WN,55,1.0000000000,16,16
130890000YA,41,1.0000000000,11,11
13091000LEE,20,1.0000000000,452,452
130910CHAUN,20,1.0000000000,55,55
130910CLARK,20,1.0000000000,23,23
130910EDDIN,20,1.0000000000,89,89
130910EMPIR,20,1.0000000000,53,53
130910JAYBI,20,1.0000000000,43,43
130910JONES,20,1.0000000000,53,53
130910MCCRA,20,1.0000000000,28,28
130910MILAN,20,1.0000000000,45,45
130910MITCH,20,1.0000000000,36,36
130910MULLI,20,1.0000000000,76,76
130910PLAIN,20,1.0000000000,48,48
130910PONDT,20,1.0000000000,102,102
130910RAWLI,20,1.0000000000,69,69
130910VILUL,20,1.0000000000,24,24
130910YONKE,20,1.0000000000,24,24
13093000002,20,1.0000000000,171,171
13093000005,20,1.0000000000,300,300
13093000007,20,1.0000000000,377,377
13093000008,20,1.0000000000,134,134
13093000010,20,1.0000000000,110,110
13095000001,12,1.0000000000,158,158
13095000002,12,1.0000000000,60,60
13095000003,12,1.0000000000,101,101
13095000004,12,1.0000000000,69,69
13095000005,12,1.0000000000,57,57
13095000006,12,1.0000000000,139,139
13095000007,12,1.0000000000,112,112
13095000008,12,1.0000000000,129,129
13095000009,12,1.0000000000,90,90
13095000010,12,1.0000000000,95,95
13095000011,12,1.0000000000,25,25
13095000012,12,1.0000000000,66,66
13095000013,12,1.0000000000,123,123
13095000014,12,1.0000000000,105,105
13095000015,12,1.0000000000,134,134
13095000016,12,1.0000000000,70,70
13095000017,12,1.0000000000,113,113
13095000018,12,1.0000000000,81,81
13095000019,12,1.0000000000,51,51
13095000020,12,1.0000000000,91,91
13095000021,12,1.0000000000,148,148
13095000022,12,1.0000000000,132,132
13095000023,12,1.0000000000,82,82
13095000024,12,1.0000000000,53,53
13095000025,12,1.0000000000,75,75
13095000026,12,1.0000000000,20,20
13095000027,12,1.0000000000,33,33
13095000028,12,1.0000000000,24,24
13097000729,30,1.0000000000,64,64
13097000730,28,1.0000000000,146,146
13097000731,28,1.0000000000,72,72
13097000732,30,1.0000000000,56,56
13097000733,28,1.0000000000,31,31
13097000734,30,1.0000000000,51,51
13097000735,30,1.0000000000,37,37
13097000737,28,1.0000000000,75,75
13097000738,30,1.0000000000,30,30
13097000739,28,1.0000000000,44,44
13097000740,28,1.0000000000,46,46
13097000784,28,1.0000000000,62,62
13097000785,28,1.0000000000,20,20
13097001258,30,1.0000000000,110,110
13097001259,30,1.0000000000,42,42
13097001260,30,1.0000000000,88,88
13097001270,28,1.0000000000,98,98
13097001271,30,1.0000000000,85,85
13097001272,30,1.0000000000,50,50
13097001273,28,1.0000000000,74,74
13097001274,28,1.0000000000,42,42
13097001275,28,1.0000000000,122,122
13097001276,28,1.0000000000,38,38
1309700736N,28,1.0000000000,33,33
1309700736S,28,1.0000000000,33,33
1309900000A,12,1.0000000000,142,142
1309900000B,12,1.0000000000,224,224
1309900000U,12,1.0000000000,133,133
130990000CS,12,1.0000000000,219,219
130990000CU,12,1.0000000000,123,123
13101001058,8,1.0000000000,413,413
1310300001A,4,1.0000000000,48,48
1310300001B,4,1.0000000000,87,87
1310300001C,4,1.0000000000,73,73
1310300001D,4,1.0000000000,28,28
1310300002A,4,1.0000000000,43,43
1310300002B,4,1.0000000000,39,39
1310300002C,4,1.0000000000,78,78
1310300003A,4,1.0000000000,131,131
1310300003B,4,1.0000000000,88,88
1310300003C,4,1.0000000000,133,133
1310300003D,4,1.0000000000,131,131
1310300004A,4,1.0000000000,160,160
1310300004B,4,1.0000000000,83,83
1310300004C,4,1.0000000000,32,32
1310300005A,4,1.0000000000,84,84
1310300005B,4,1.0000000000,85,85
1310300005C,4,1.0000000000,44,44
13105000189,24,1.0000000000,260,260
13105000190,24,1.0000000000,61,61
13105000191,24,1.0000000000,73,73
13105000192,24,1.0000000000,55,55
13105000193,24,1.0000000000,62,62
13105000196,24,1.0000000000,66,66
13105000197,24,1.0000000000,118,118
13105000199,24,1.0000000000,52,52
13105000201,24,1.0000000000,161,161
13105000202,24,1.0000000000,52,52
13105000315,24,1.0000000000,85,85
13107000050,23,1.0000000000,98,98
13107000052,23,1.0000000000,26,26
13107000053,23,1.0000000000,629,629
13107000057,23,1.0000000000,81,81
13107000058,23,1.0000000000,130,130
13107001208,23,1.0000000000,140,140
13107001333,23,1.0000000000,86,86
13107001429,23,1.0000000000,75,75
13107001502,23,1.0000000000,109,109
13107001560,23,1.0000000000,210,210
13107001748,23,1.0000000000,112,112
13109000011,4,1.0000000000,888,888
1311100COLW,51,1.0000000000,80,80
1311100FAIR,51,1.0000000000,64,64
1311100FLIN,51,1.0000000000,167,167
1311100HEMP,51,1.0000000000,89,89
1311100HOTH,51,1.0000000000,63,63
1311100MINE,51,1.0000000000,99,99
1311100MOBI,51,1.0000000000,50,50
1311100MORG,51,1.0000000000,126,126
1311100NOON,51,1.0000000000,72,72
1311100SKEN,51,1.0000000000,64,64
1311100SUGC,51,1.0000000000,79,79
1311100TOCC,51,1.0000000000,274,274
13113000001,34,1.0000000000,40,40
13113000002,16,1.0000000000,91,91
13113000003,34,1.0000000000,43,43
13113000004,34,1.0000000000,35,35
13113000005,34,1.0000000000,43,43
13113000006,34,1.0000000000,18,18
13113000007,34,1.0000000000,49,49
13113000008,34,1.0000000000,44,44
13113000009,16,1.0000000000,46,46
13113000010,16,1.0000000000,113,113
13113000011,16,1.0000000000,40,40
13113000012,16,1.0000000000,22,22
13113000013,16,1.0000000000,43,43
13113000014,16,1.0000000000,47,47
13113000015,16,1.0000000000,36,36
13113000016,16,1.0000000000,47,47
13113000017,16,1.0000000000,15,15
13113000018,16,1.0000000000,62,62
13113000019,16,1.0000000000,34,34
13113000020,16,1.0000000000,9,9
13113000021,16,1.0000000000,34,34
13113000022,16,1.0000000000,24,24
13113000023,34,1.0000000000,12,12
13113000024,34,1.0000000000,48,48
13113000025,16,1.0000000000,17,17
13113000026,16,1.0000000000,63,63
13113000027,16,1.0000000000,84,84
13113000028,34,1.0000000000,47,47
13113000029,34,1.0000000000,61,61
13113000030,16,1.0000000000,28,28
13113000031,16,1.0000000000,42,42
13113000032,16,1.0000000000,53,53
13113000033,16,1.0000000000,20,20
13113000034,16,1.0000000000,61,61
13113000035,16,1.0000000000,68,68
13113000036,16,1.0000000000,16,16
13115000001,52,1.0000000000,132,132
13115000010,53,1.0000000000,60,60
13115000015,52,1.0000000000,85,85
13115000020,52,1.0000000000,108,108
13115000025,52,1.0000000000,57,57
13115000030,52,1.0000000000,115,115
13115000035,53,1.0000000000,25,25
13115000040,53,1.0000000000,52,52
13115000045,52,1.0000000000,89,89
13115000050,52,0.1168319950,16,242
13115000050,53,0.8831680050,226,242
13115000055,52,1.0000000000,98,98
13115000060,52,1.0000000000,51,51
13115000065,52,1.0000000000,112,112
13115000075,52,1.0000000000,94,94
13115000076,52,1.0000000000,153,153
13115000080,52,1.0000000000,117,117
13115000085,52,1.0000000000,88,88
13115000090,52,1.0000000000,191,191
13115000105,52,1.0000000000,196,196
13115000110,52,1.0000000000,68,68
13115000115,53,1.0000000000,31,31
13115000125,52,1.0000000000,68,68
13115000130,52,1.0000000000,187,187
13115000135,52,1.0000000000,131,131
13115000140,52,1.0000000000,201,201
13117000001,27,0.5937825740,85,131
13117000001,48,0.4062174260,46,131
13117000002,27,1.0000000000,93,93
13117000003,27,1.0000000000,132,132
13117000004,27,1.0000000000,72,72
13117000005,27,1.0000000000,59,59
13117000006,27,1.0000000000,77,77
13117000007,27,1.0000000000,140,140
13117000008,27,1.0000000000,67,67
13117000010,27,1.0000000000,155,155
13117000015,27,1.0000000000,80,80
13117000016,27,1.0000000000,163,163
13117000019,48,1.0000000000,47,47
13117000021,48,1.0000000000,73,73
13117000025,48,1.0000000000,92,92
13117000027,27,1.0000000000,102,102
13117000029,27,0.9741719639,156,166
13117000029,48,0.0258280361,10,166
13119000001,50,1.0000000000,217,217
13119000002,50,1.0000000000,122,122
13119000003,50,1.0000000000,198,198
13119000004,50,1.0000000000,214,214
13119000005,50,1.0000000000,113,113
13119000006,50,1.0000000000,176,176
13119000007,50,1.0000000000,172,172
1312100001A,36,1.0000000000,49,49
1312100001B,36,1.0000000000,82,82
1312100001C,36,1.0000000000,51,51
1312100001D,36,1.0000000000,27,27
1312100001E,36,1.0000000000,80,80
1312100001F,36,1.0000000000,22,22
1312100001G,36,1.0000000000,52,52
1312100001H,36,1.0000000000,24,24
1312100001I,36,1.0000000000,12,12
1312100001J,36,1.0000000000,74,74
1312100001P,36,1.0000000000,29,29
1312100001R,36,1.0000000000,20,20
1312100001S,36,1.0000000000,32,32
1312100001T,36,1.0000000000,32,32
1312100002A,36,1.0000000000,28,28
1312100002B,36,1.0000000000,101,101
1312100002C,36,1.0000000000,9,9
1312100002D,36,1.0000000000,45,45
1312100002E,36,1.0000000000,33,33
1312100002G,36,1.0000000000,45,45
1312100002J,36,1.0000000000,28,28
1312100002K,36,1.0000000000,21,21
1312100002S,36,1.0000000000,29,29
1312100002W,39,1.0000000000,4,4
1312100003A,39,1.0000000000,28,28
1312100003B,39,1.0000000000,14,14
1312100003C,38,1.0000000000,43,43
1312100003D,39,1.0000000000,19,19
1312100003E,39,1.0000000000,39,39
1312100003F,39,1.0000000000,57,57
1312100003G,36,1.0000000000,23,23
1312100003H,38,1.0000000000,16,16
1312100003I,39,1.0000000000,57,57
1312100003L,39,1.0000000000,19,19
1312100003M,38,1.0000000000,35,35
1312100003N,39,1.0000000000,113,113
1312100003S,38,1.0000000000,15,15
1312100003T,36,1.0000000000,60,60
1312100004A,39,1.0000000000,40,40
1312100004B,36,1.0000000000,35,35
1312100004C,39,1.0000000000,7,7
1312100004D,39,1.0000000000,38,38
1312100004F,36,1.0000000000,41,41
1312100004G,39,1.0000000000,20,20
1312100004I,36,1.0000000000,78,78
1312100004J,36,1.0000000000,34,34
1312100004K,36,1.0000000000,60,60
1312100004L,39,1.0000000000,37,37
1312100004M,39,1.0000000000,17,17
1312100004S,39,1.0000000000,25,25
1312100004T,39,1.0000000000,17,17
1312100004V,36,1.0000000000,77,77
1312100004W,36,1.0000000000,5,5
1312100005B,36,1.0000000000,37,37
1312100005C,36,1.0000000000,7,7
1312100005D,36,1.0000000000,7,7
1312100005F,36,1.0000000000,4,4
1312100005J,36,1.0000000000,3,3
1312100005K,36,1.0000000000,35,35
1312100006B,36,1.0000000000,17,17
1312100006D,39,1.0000000000,141,141
1312100006E,39,1.0000000000,19,19
1312100006F,36,1.0000000000,26,26
1312100006G,36,1.0000000000,9,9
1312100006I,39,1.0000000000,45,45
1312100006J,36,1.0000000000,39,39
1312100006N,39,1.0000000000,21,21
1312100006Q,39,1.0000000000,17,17
1312100006R,39,1.0000000000,24,24
1312100007A,14,1.0000000000,54,54
1312100007B,14,1.0000000000,47,47
1312100007C,14,1.0000000000,34,34
1312100007D,38,1.0000000000,42,42
1312100007E,39,1.0000000000,19,19
1312100007F,39,1.0000000000,34,34
1312100007H,39,1.0000000000,23,23
1312100007J,39,1.0000000000,29,29
1312100007M,39,1.0000000000,20,20
1312100007N,39,1.0000000000,9,9
1312100008A,38,1.0000000000,38,38
1312100008B,38,1.0000000000,48,48
1312100008C,38,1.0000000000,32,32
1312100008D,38,1.0000000000,13,13
1312100008E,38,1.0000000000,51,51
1312100008G,38,1.0000000000,15,15
1312100008H,39,1.0000000000,37,37
1312100008J,38,1.0000000000,38,38
1312100008K,39,1.0000000000,17,17
1312100008L,39,1.0000000000,35,35
1312100008M,38,1.0000000000,28,28
1312100008P,39,1.0000000000,19,19
1312100009A,35,1.0000000000,83,89
1312100009B,35,1.0000000000,19,19
1312100009C,35,1.0000000000,31,31
1312100009D,38,1.0000000000,36,36
1312100009E,38,1.0000000000,70,70
1312100009F,38,1.0000000000,41,41
1312100009G,38,1.0000000000,64,64
1312100009H,38,1.0000000000,18,18
1312100009I,38,1.0000000000,51,51
1312100009K,35,1.0000000000,91,91
1312100009M,35,1.0000000000,45,45
1312100010A,35,1.0000000000,39,39
1312100010B,35,0.1927057664,18,64
1312100010B,38,0.8072942336,46,64
1312100010C,35,1.0000000000,7,7
1312100010D,35,1.0000000000,46,46
1312100010E,35,1.0000000000,21,21
1312100010F,35,1.0000000000,20,20
1312100010G,38,1.0000000000,10,10
1312100010I,38,1.0000000000,2,2
1312100010J,38,1.0000000000,18,18
1312100010K,38,1.0000000000,28,28
1312100010M,39,1.0000000000,42,42
1312100010P,35,1.0000000000,27,27
1312100010R,35,1.0000000000,9,9
1312100011B,35,1.0000000000,86,86
1312100011C,35,1.0000000000,29,29
1312100011G,39,1.0000000000,16,16
1312100011H,38,1.0000000000,11,11
1312100011J,38,1.0000000000,29,29
1312100011K,39,1.0000000000,30,30
1312100011M,38,1.0000000000,38,38
1312100011N,38,1.0000000000,33,33
1312100011P,38,1.0000000000,20,20
1312100011R,39,1.0000000000,16,16
1312100012A,36,1.0000000000,120,120
1312100012D,36,1.0000000000,26,26
1312100012F,36,1.0000000000,28,28
1312100012G,36,1.0000000000,10,10
1312100012I,39,1.0000000000,3,3
1312100012J,36,1.0000000000,35,35
1312100012K,36,1.0000000000,108,108
1312100012L,39,1.0000000000,35,35
1312100012M,36,1.0000000000,76,76
1312100012N,36,1.0000000000,36,36
1312100012S,36,1.0000000000,25,25
131210002F1,36,1.0000000000,33,33
131210002F2,36,1.0000000000,6,6
131210002L1,36,1.0000000000,47,47
131210002L2,39,1.0000000000,26,26
131210003P2,39,1.0000000000,8,8
131210004X1,39,1.0000000000,40,40
131210004X2,39,1.0000000000,13,13
131210005A1,36,1.0000000000,57,57
131210005A2,36,1.0000000000,67,67
131210006L1,39,1.0000000000,20,20
131210006L2,39,1.0000000000,34,34
131210008F1,38,1.0000000000,34,34
131210008F2,35,1.0000000000,2,2
131210008N1,38,1.0000000000,8,8
131210008N2,38,1.0000000000,7,7
131210010H1,38,1.0000000000,7,7
131210010H2,38,1.0000000000,15,15
131210011E1,38,1.0000000000,18,18
131210011E2,38,1.0000000000,12,12
131210011E3,38,1.0000000000,33,33
131210012E1,36,1.0000000000,40,40
131210012E2,36,1.0000000000,10,10
131210012H1,36,1.0000000000,17,17
131210012H2,36,1.0000000000,24,24
13121003P1A,39,1.0000000000,65,65
13121003P1B,39,1.0000000000,3,3
1312100AP03,14,1.0000000000,12,12
1312100AP05,48,1.0000000000,34,34
1312100AP06,21,1.0000000000,26,26
1312100AP10,21,1.0000000000,9,9
1312100AP14,14,1.0000000000,35,35
1312100CH01,28,1.0000000000,15,15
1312100CH02,28,1.0000000000,32,32
1312100CH03,28,1.0000000000,48,48
1312100CH05,28,1.0000000000,33,33
1312100CP02,36,1.0000000000,89,89
1312100HP01,36,1.0000000000,156,156
1312100JC01,48,1.0000000000,54,54
1312100JC02,48,1.0000000000,50,50
1312100JC05,48,1.0000000000,11,11
1312100JC06,48,1.0000000000,17,17
1312100JC07,48,1.0000000000,48,48
1312100JC08,48,1.0000000000,16,16
1312100JC09,48,1.0000000000,33,33
1312100JC10,48,1.0000000000,31,31
1312100JC11,48,1.0000000000,31,31
1312100JC12,48,1.0000000000,30,30
1312100JC14,48,1.0000000000,8,8
1312100JC15,14,1.0000000000,15,15
1312100JC16,14,1.0000000000,21,21
1312100JC18,14,1.0000000000,12,12
1312100JC19,14,1.0000000000,14,14
1312100ML03,21,1.0000000000,39,39
1312100MP01,56,1.0000000000,34,34
1312100PA01,38,1.0000000000,105,105
1312100RW01,56,1.0000000000,71,71
1312100RW02,56,1.0000000000,33,33
1312100RW03,14,1.0000000000,84,84
1312100RW04,14,1.0000000000,20,20
1312100RW05,14,1.0000000000,60,60
1312100RW06,14,1.0000000000,21,21
1312100RW08,56,1.0000000000,33,33
1312100RW09,21,0.3598814595,16,50
1312100RW09,56,0.6401185405,34,50
1312100RW10,56,1.0000000000,33,33
1312100RW12,21,0.5448383733,35,59
1312100RW12,56,0.4551616267,24,59
1312100RW13,14,1.0000000000,32,32
1312100RW16,56,1.0000000000,14,14
1312100RW17,14,1.0000000000,41,41
1312100RW19,21,1.0000000000,17,17
1312100RW20,14,1.0000000000,23,23
1312100RW21,14,1.0000000000,25,25
1312100SC02,35,1.0000000000,7,7
1312100SC04,28,1.0000000000,44,44
1312100SC10,39,1.0000000000,21,21
1312100SC13,28,0.9982384028,57,61
1312100SC13,38,0.0017615972,4,61
1312100SC15,35,1.0000000000,67,67
1312100SC20,35,1.0000000000,22,22
1312100SC27,39,1.0000000000,36,36
1312100SS01,14,1.0000000000,35,35
1312100SS03,14,1.0000000000,15,15
1312100SS04,14,1.0000000000,35,35
1312100SS05,14,1.0000000000,16,16
1312100SS06,14,1.0000000000,20,20
1312100SS12,14,1.0000000000,42,42
1312100SS14,14,1.0000000000,24,24
1312100SS16,38,1.0000000000,33,33
1312100SS17,14,1.0000000000,36,36
1312100SS20,14,1.0000000000,24,24
1312100SS22,14,1.0000000000,17,17
1312100SS26,14,1.0000000000,26,26
1312100SS31,14,1.0000000000,25,25
131210AP01A,14,1.0000000000,82,82
131210AP01B,21,1.0000000000,32,32
131210AP01C,14,1.0000000000,8,8
131210AP01D,14,1.0000000000,31,31
131210AP01E,14,1.0000000000,1,1
131210AP021,21,1.0000000000,43,43
131210AP022,21,1.0000000000,37,37
131210AP02B,14,1.0000000000,19,19
131210AP04A,21,1.0000000000,25,25
131210AP04B,21,1.0000000000,7,7
131210AP07A,21,1.0000000000,57,57
131210AP07B,21,1.0000000000,26,26
131210AP09A,48,1.0000000000,34,34
131210AP09B,48,1.0000000000,10,10
131210AP12A,21,1.0000000000,15,15
131210AP12B,21,1.0000000000,38,38
131210AP12C,21,1.0000000000,39,39
131210AP12D,21,1.0000000000,4,4
131210CH04A,28,0.9749739312,29,33
131210CH04A,38,0.0250260688,4,33
131210CH04B,38,1.0000000000,3,3
131210CP011,36,1.0000000000,36,36
131210CP012,36,1.0000000000,38,38
131210CP01B,36,1.0000000000,21,21
131210CP04A,36,1.0000000000,5,5
131210CP04B,36,1.0000000000,34,34
131210CP051,36,1.0000000000,21,21
131210CP052,39,1.0000000000,12,12
131210CP053,39,1.0000000000,1,1
131210CP05B,36,1.0000000000,2,2
131210CP06A,36,1.0000000000,17,17
131210CP06B,36,1.0000000000,3,3
131210CP07A,36,1.0000000000,9,9
131210CP07B,36,1.0000000000,11,11
131210CP07C,39,1.0000000000,2,2
131210CP07D,36,1.0000000000,2,2
131210CP07E,36,1.0000000000,2,2
131210CP07F,36,1.0000000000,2,2
131210CP081,39,1.0000000000,6,6
131210CP083,39,1.0000000000,9,9
131210CP084,39,1.0000000000,34,34
131210CP08A,39,1.0000000000,6,6
131210EP01A,39,1.0000000000,83,83
131210EP01B,39,1.0000000000,93,93
131210EP02A,36,1.0000000000,95,95
131210EP02B,36,1.0000000000,60,60
131210EP02C,36,1.0000000000,55,55
131210EP02D,39,1.0000000000,23,23
131210EP02E,36,1.0000000000,37,37
131210EP03A,39,1.0000000000,60,60
131210EP03B,39,1.0000000000,21,21
131210EP04A,39,1.0000000000,79,79
131210EP04B,39,1.0000000000,54,54
131210FA01A,38,1.0000000000,65,65
131210FA01B,38,1.0000000000,185,185
131210FA01C,38,1.0000000000,38,38
131210JC03A,48,1.0000000000,4,4
131210JC03B,48,1.0000000000,7,7
131210JC04A,48,1.0000000000,17,17
131210JC04B,48,1.0000000000,4,4
131210JC13A,48,1.0000000000,11,11
131210JC13B,48,1.0000000000,4,4
131210ML011,21,1.0000000000,55,55
131210ML012,21,1.0000000000,10,10
131210ML01B,21,1.0000000000,21,21
131210ML021,21,1.0000000000,25,25
131210ML022,21,1.0000000000,4,4
131210ML023,21,1.0000000000,13,13
131210ML024,21,1.0000000000,2,2
131210ML04A,21,1.0000000000,17,17
131210ML04B,21,1.0000000000,9,9
131210ML04C,21,1.0000000000,3,3
131210ML05A,21,1.0000000000,3,3
131210ML05B,21,1.0000000000,3,3
131210ML05C,21,1.0000000000,32,32
131210ML06A,21,1.0000000000,47,47
131210ML06B,21,1.0000000000,25,25
131210ML071,21,1.0000000000,3,3
131210ML072,21,1.0000000000,24,24
131210ML07A,21,1.0000000000,10,10
131210RW07A,14,1.0000000000,17,17
131210RW07B,14,1.0000000000,9,9
131210RW11A,56,1.0000000000,23,23
131210RW11B,56,1.0000000000,7,7
131210RW22A,14,1.0000000000,50,50
131210RW22B,14,1.0000000000,2,2
131210SC01A,35,1.0000000000,3,3
131210SC01B,35,1.0000000000,31,31
131210SC01C,35,1.0000000000,23,23
131210SC01D,35,1.0000000000,20,20
131210SC05A,28,1.0000000000,14,14
131210SC05B,28,0.5298756445,22,38
131210SC05B,38,0.4701243555,16,38
131210SC05D,28,1.0000000000,31,31
131210SC05E,28,0.9097888676,9,17
131210SC05E,38,0.0902111324,8,17
131210SC07A,38,1.0000000000,149,149
131210SC07B,38,1.0000000000,1,1
131210SC07C,38,1.0000000000,11,11
131210SC08A,38,1.0000000000,1,1
131210SC08B,38,0.0558951965,4,64
131210SC08B,39,0.9441048035,60,64
131210SC08C,38,1.0000000000,2,2
131210SC08D,39,1.0000000000,8,8
131210SC08E,38,1.0000000000,11,11
131210SC08F,38,1.0000000000,11,11
131210SC08G,38,1.0000000000,1,1
131210SC08H,38,1.0000000000,13,13
131210SC09A,39,1.0000000000,16,16
131210SC09B,39,1.0000000000,19,19
131210SC09C,39,1.0000000000,21,21
131210SC11A,39,1.0000000000,13,13
131210SC11B,39,1.0000000000,20,20
131210SC14A,35,1.0000000000,11,11
131210SC14B,35,1.0000000000,65,65
131210SC16A,35,1.0000000000,51,51
131210SC16B,35,1.0000000000,36,36
131210SC17A,38,1.0000000000,2,2
131210SC17B,38,1.0000000000,9,9
131210SC17C,39,1.0000000000,22,22
131210SC18A,38,1.0000000000,12,12
131210SC18B,38,1.0000000000,9,9
131210SC18C,38,1.0000000000,20,20
131210SC19A,39,1.0000000000,14,14
131210SC19B,39,1.0000000000,34,34
131210SC211,38,1.0000000000,28,28
131210SC212,38,1.0000000000,97,97
131210SC21A,38,1.0000000000,2,2
131210SC23A,39,1.0000000000,31,31
131210SC23B,39,1.0000000000,11,11
131210SC23C,39,1.0000000000,30,30
131210SC29A,38,1.0000000000,30,30
131210SC29B,39,1.0000000000,4,4
131210SC30A,35,1.0000000000,4,4
131210SC30B,35,1.0000000000,20,20
131210SS02A,14,1.0000000000,15,15
131210SS02B,14,1.0000000000,3,3
131210SS07A,14,1.0000000000,11,11
131210SS07B,14,1.0000000000,11,11
131210SS07C,14,1.0000000000,13,13
131210SS08A,14,1.0000000000,24,24
131210SS08B,14,1.0000000000,8,8
131210SS08C,14,1.0000000000,3,3
131210SS08D,14,1.0000000000,18,18
131210SS09A,38,1.0000000000,40,40
131210SS09B,38,1.0000000000,39,39
131210SS11A,14,1.0000000000,14,14
131210SS11B,38,1.0000000000,7,7
131210SS11C,14,1.0000000000,4,4
131210SS11D,38,1.0000000000,4,4
131210SS13A,14,1.0000000000,17,17
131210SS13B,38,1.0000000000,13,13
131210SS15A,14,1.0000000000,22,22
131210SS15B,14,1.0000000000,17,17
131210SS18A,14,1.0000000000,7,7
131210SS18B,14,1.0000000000,2,2
131210SS19A,14,1.0000000000,13,13
131210SS19B,14,1.0000000000,20,20
131210SS29A,14,1.0000000000,35,35
131210SS29B,14,1.0000000000,1,1
131210UC01A,38,1.0000000000,36,36
131210UC01B,39,1.0000000000,2,2
131210UC01C,39,1.0000000000,8,8
131210UC01D,38,1.0000000000,23,26
131210UC01E,38,1.0000000000,11,12
131210UC02A,38,1.0000000000,152,157
131210UC02B,38,1.0000000000,6,6
131210UC031,38,1.0000000000,54,54
131210UC032,38,1.0000000000,13,13
131210UC033,39,1.0000000000,5,5
131210UC035,38,1.0000000000,7,7
13123000001,51,1.0000000000,185,185
13123000002,51,1.0000000000,69,69
13123000003,51,1.0000000000,97,97
13123000004,51,1.0000000000,80,80
13123000005,51,1.0000000000,122,122
13123000006,51,1.0000000000,101,101
13123000007,51,1.0000000000,79,79
13123000008,51,1.0000000000,64,64
13123000009,51,1.0000000000,102,102
13123000010,51,1.0000000000,76,76
13123000011,51,1.0000000000,55,55
13123000012,51,1.0000000000,120,120
13123000013,51,1.0000000000,92,92
1312500EDGH,23,1.0000000000,31,31
1312500GIBS,23,1.0000000000,85,85
1312500MILL,23,1.0000000000,132,132
1312500MITC,23,1.0000000000,75,75
13127001713,3,1.0000000000,344,344
13127001923,3,1.0000000000,137,137
13127001933,3,1.0000000000,140,140
13127001943,3,1.0000000000,120,120
13127002713,3,1.0000000000,111,111
13127002923,3,1.0000000000,104,104
13127002933,3,1.0000000000,80,80
13127002943,3,1.0000000000,175,175
13127002953,3,1.0000000000,92,92
13127003713,3,1.0000000000,75,75
13127003723,3,1.0000000000,57,57
13127003733,3,1.0000000000,94,94
13127003743,3,1.0000000000,72,72
13127004913,3,1.0000000000,110,110
13127004923,3,1.0000000000,64,64
13127004933,3,1.0000000000,89,89
13127005913,3,1.0000000000,93,93
13127005923,3,1.0000000000,323,323
13127005933,3,1.0000000000,275,275
13127005943,3,1.0000000000,126,126
13129000856,52,0.6032074496,34,93
13129000856,54,0.3967925504,59,93
13129000874,54,1.0000000000,167,167
13129000973,54,1.0000000000,58,58
13129000980,54,1.0000000000,104,104
13129001054,52,1.0000000000,59,59
13129001055,52,1.0000000000,87,87
13129001056,54,1.0000000000,107,107
13129001063,54,1.0000000000,49,49
13129001064,52,1.0000000000,30,30
13129001235,54,1.0000000000,73,73
131290849-A,54,1.0000000000,390,390
131290849-B,54,1.0000000000,392,392
1313100000B,11,1.0000000000,50,50
1313100000D,11,1.0000000000,65,65
1313100000H,11,1.0000000000,106,106
1313100000L,11,1.0000000000,43,43
1313100000M,11,1.0000000000,103,103
1313100000P,11,1.0000000000,40,40
1313100000R,11,1.0000000000,65,65
1313100000S,11,1.0000000000,86,86
1313100000W,11,1.0000000000,124,124
131310000SH,11,1.0000000000,77,77
131310000WL,11,1.0000000000,128,128
13131000C04,11,1.0000000000,195,195
13131000C05,11,1.0000000000,227,227
13133000001,24,1.0000000000,321,321
13133000004,24,1.0000000000,197,197
13133000005,24,1.0000000000,108,108
13133000006,24,1.0000000000,56,56
13133000008,24,1.0000000000,220,220
13135000001,46,1.0000000000,85,85
13135000002,43,1.0000000000,21,21
13135000003,45,0.2831740387,25,90
13135000003,46,0.7168259613,65,90
13135000004,45,1.0000000000,60,60
13135000005,9,1.0000000000,20,20
13135000006,7,1.0000000000,32,32
13135000007,7,1.0000000000,84,84
13135000008,45,1.0000000000,21,21
13135000009,45,1.0000000000,42,42
13135000010,55,1.0000000000,61,61
13135000011,9,1.0000000000,40,40
13135000012,9,1.0000000000,69,69
13135000013,45,1.0000000000,20,20
13135000014,9,1.0000000000,31,31
13135000015,9,1.0000000000,74,74
13135000016,9,1.0000000000,51,51
13135000017,5,1.0000000000,22,22
13135000018,5,1.0000000000,36,36
13135000019,9,1.0000000000,25,25
13135000020,5,1.0000000000,48,48
13135000021,5,1.0000000000,49,49
13135000022,40,1.0000000000,34,34
13135000023,5,1.0000000000,34,34
13135000024,45,1.0000000000,157,157
13135000025,48,1.0000000000,89,89
13135000026,7,1.0000000000,27,27
13135000027,45,1.0000000000,50,50
13135000028,45,1.0000000000,38,38
13135000029,9,1.0000000000,19,19
13135000030,55,1.0000000000,40,40
13135000031,45,1.0000000000,31,31
13135000032,9,1.0000000000,23,23
13135000033,9,1.0000000000,14,14
13135000034,9,1.0000000000,38,38
13135000035,55,1.0000000000,52,52
13135000036,55,1.0000000000,27,27
13135000037,40,1.0000000000,27,27
13135000038,5,1.0000000000,103,103
13135000039,45,1.0000000000,98,98
13135000040,7,1.0000000000,112,112
13135000041,43,1.0000000000,40,40
13135000042,45,1.0000000000,44,44
13135000043,5,1.0000000000,17,17
13135000044,55,1.0000000000,42,42
13135000045,55,1.0000000000,36,36
13135000046,55,1.0000000000,18,18
13135000047,9,1.0000000000,42,42
13135000048,7,1.0000000000,42,42
13135000049,55,1.0000000000,32,32
13135000050,5,1.0000000000,26,26
13135000051,5,1.0000000000,41,41
13135000052,55,1.0000000000,22,22
13135000053,55,1.0000000000,55,55
13135000054,48,1.0000000000,80,80
13135000055,45,1.0000000000,184,184
13135000056,7,1.0000000000,37,37
13135000057,7,1.0000000000,81,81
13135000058,5,1.0000000000,42,42
13135000059,40,1.0000000000,74,74
13135000060,5,1.0000000000,101,101
13135000061,5,0.5739460954,30,37
13135000061,9,0.4260539046,7,37
13135000062,7,1.0000000000,14,14
13135000063,7,1.0000000000,26,26
13135000064,55,1.0000000000,55,55
13135000065,9,1.0000000000,26,26
13135000066,5,1.0000000000,37,37
13135000067,45,1.0000000000,85,85
13135000068,9,1.0000000000,31,31
13135000069,9,1.0000000000,37,37
13135000070,7,1.0000000000,31,31
13135000071,5,1.0000000000,36,36
13135000072,5,1.0000000000,52,52
13135000073,40,1.0000000000,21,21
13135000074,5,1.0000000000,30,30
13135000075,55,1.0000000000,34,34
13135000076,43,1.0000000000,17,17
13135000077,7,1.0000000000,63,63
13135000078,9,1.0000000000,32,32
13135000079,9,1.0000000000,17,17
13135000080,9,1.0000000000,33,33
13135000081,55,1.0000000000,48,48
13135000082,7,1.0000000000,53,53
13135000083,7,1.0000000000,22,22
13135000084,9,1.0000000000,55,55
13135000085,7,1.0000000000,22,22
13135000086,5,1.0000000000,40,40
13135000087,5,1.0000000000,59,59
13135000088,55,1.0000000000,37,37
13135000089,45,1.0000000000,61,61
13135000090,7,1.0000000000,43,43
13135000091,9,1.0000000000,35,35
13135000092,9,1.0000000000,33,33
13135000093,9,1.0000000000,26,26
13135000094,9,1.0000000000,25,25
13135000095,7,1.0000000000,107,107
13135000096,7,1.0000000000,73,73
13135000097,7,1.0000000000,52,52
13135000098,7,1.0000000000,47,47
13135000099,7,1.0000000000,46,46
13135000100,45,1.0000000000,48,48
13135000101,40,1.0000000000,26,26
13135000102,45,1.0000000000,31,31
13135000103,9,1.0000000000,45,45
13135000104,43,1.0000000000,27,27
13135000105,48,1.0000000000,50,50
13135000106,7,1.0000000000,99,99
13135000107,9,1.0000000000,14,14
13135000108,43,1.0000000000,55,55
13135000109,9,1.0000000000,26,26
13135000110,5,1.0000000000,42,42
13135000111,7,1.0000000000,31,31
13135000112,55,1.0000000000,35,35
13135000113,5,1.0000000000,19,19
13135000114,5,0.4629770992,37,81
13135000114,7,0.5370229008,44,81
13135000115,5,1.0000000000,47,47
13135000116,5,1.0000000000,28,28
13135000117,5,1.0000000000,31,31
13135000118,55,1.0000000000,24,24
13135000119,9,1.0000000000,27,27
13135000120,9,1.0000000000,31,31
13135000121,7,1.0000000000,34,34
13135000122,43,1.0000000000,59,59
13135000123,5,1.0000000000,32,32
13135000124,7,1.0000000000,44,44
13135000125,7,1.0000000000,11,11
13135000126,40,1.0000000000,19,19
13135000127,9,1.0000000000,18,18
13135000128,7,1.0000000000,28,28
13135000129,45,1.0000000000,39,39
13135000130,48,1.0000000000,29,29
13135000131,48,1.0000000000,64,64
13135000132,7,1.0000000000,14,14
13135000133,46,1.0000000000,77,77
13135000134,9,1.0000000000,51,51
13135000135,45,1.0000000000,32,32
13135000136,45,1.0000000000,36,36
13135000137,45,1.0000000000,28,28
13135000138,7,1.0000000000,45,45
13135000139,9,1.0000000000,39,39
13135000140,48,1.0000000000,41,41
13135000141,48,1.0000000000,32,32
13135000142,45,1.0000000000,36,36
13135000143,9,1.0000000000,44,44
13135000144,5,1.0000000000,55,55
13135000145,43,1.0000000000,78,78
13135000146,9,1.0000000000,62,62
13135000147,9,1.0000000000,43,43
13135000148,9,1.0000000000,25,25
13135000149,7,1.0000000000,15,15
13135000150,7,1.0000000000,41,41
13135000151,46,1.0000000000,29,29
13135000152,45,1.0000000000,24,24
13135000153,9,1.0000000000,20,20
13135000154,45,1.0000000000,34,34
13135000155,7,1.0000000000,43,43
13135000156,43,1.0000000000,56,56
13137000001,50,1.0000000000,426,426
13137000002,50,1.0000000000,432,432
13137000003,50,1.0000000000,217,217
13137000004,50,1.0000000000,66,66
13137000005,50,1.0000000000,90,90
13137000006,50,1.0000000000,176,176
13137000007,50,1.0000000000,68,68
13139000001,49,1.0000000000,126,126
13139000002,49,1.0000000000,183,183
13139000003,49,1.0000000000,240,240
13139000004,49,1.0000000000,92,92
13139000005,49,1.0000000000,128,128
13139000006,49,1.0000000000,78,78
13139000007,49,1.0000000000,199,199
13139000008,49,1.0000000000,63,63
13139000009,49,1.0000000000,102,102
13139000010,49,1.0000000000,130,130
13139000011,49,0.2918816182,46,131
13139000011,50,0.7081183818,85,131
13139000012,49,0.7823310271,180,208
13139000012,50,0.2176689729,28,208
13139000013,49,1.0000000000,218,218
13139000014,49,1.0000000000,167,167
13139000015,49,1.0000000000,78,78
13139000016,49,1.0000000000,123,123
13139000017,49,1.0000000000,69,69
13139000018,49,1.0000000000,72,72
13139000019,49,1.0000000000,118,118
13139000020,49,1.0000000000,98,98
13139000021,49,1.0000000000,115,115
13139000022,49,1.0000000000,128,128
13139000023,49,1.0000000000,336,336
13139000024,49,1.0000000000,243,243
13139000025,49,1.0000000000,57,57
13139000026,50,1.0000000000,57,57
13139000027,49,1.0000000000,99,99
13139000028,49,1.0000000000,132,132
13139000029,49,1.0000000000,67,67
13139000030,49,1.0000000000,50,50
13139000031,49,1.0000000000,44,44
1314100001A,26,1.0000000000,126,126
1314100001B,26,1.0000000000,27,27
1314100002A,26,1.0000000000,55,55
1314100002B,26,1.0000000000,106,106
1314100003A,26,1.0000000000,54,54
1314100003B,26,1.0000000000,65,65
1314100003C,26,1.0000000000,28,28
1314100004A,26,1.0000000000,72,72
1314100004B,26,1.0000000000,67,67
1314100004C,26,1.0000000000,32,32
13143000002,30,1.0000000000,334,334
13143000003,30,1.0000000000,175,175
13143000004,30,1.0000000000,79,79
13143000005,30,1.0000000000,69,69
13143000006,30,1.0000000000,33,33
13143000007,30,1.0000000000,39,39
13143000008,30,1.0000000000,28,28
13143000009,30,1.0000000000,25,25
13143000010,30,1.0000000000,67,67
13143000011,30,1.0000000000,52,52
13143000012,30,1.0000000000,215,215
13143000013,30,1.0000000000,91,91
131450000CA,29,1.0000000000,45,45
131450000EL,29,1.0000000000,88,88
131450000GM,29,1.0000000000,152,152
131450000HA,29,1.0000000000,152,152
131450000L9,29,1.0000000000,47,47
131450000MG,29,1.0000000000,37,37
131450000PV,29,1.0000000000,56,56
131450000SK,29,1.0000000000,86,86
131450000U9,29,1.0000000000,76,76
131450000VP,29,1.0000000000,58,58
131450000WA,29,1.0000000000,127,127
131450000WH,29,1.0000000000,95,95
13147000002,24,1.0000000000,383,383
13147000003,24,1.0000000000,180,180
13147000004,24,1.0000000000,90,90
13147000005,24,1.0000000000,140,140
13147000006,24,1.0000000000,140,140
13147000007,24,1.0000000000,132,132
13147000008,24,1.0000000000,149,149
13149000CEN,6,1.0000000000,108,108
13149000COO,6,1.0000000000,66,66
13149000ENO,6,1.0000000000,66,66
13149000EPH,6,1.0000000000,97,97
13149000FRA,6,1.0000000000,157,157
13149000SOU,6,1.0000000000,49,49
13151000025,25,1.0000000000,145,145
13151000026,25,1.0000000000,56,56
13151000027,25,1.0000000000,53,53
13151000028,17,1.0000000000,126,126
13151000029,17,1.0000000000,159,159
13151000030,17,1.0000000000,196,196
13151000031,17,1.0000000000,112,112
13151000032,17,1.0000000000,63,63
13151000033,17,1.0000000000,109,109
13151000034,17,1.0000000000,110,110
13151000035,42,1.0000000000,92,92
13151000036,42,1.0000000000,33,33
13151000037,42,1.0000000000,54,54
13151000038,17,1.0000000000,111,111
13151000039,17,1.0000000000,160,160
13151000041,10,1.0000000000,111,111
13151000042,10,1.0000000000,85,85
13151000043,10,1.0000000000,48,48
13151000044,10,1.0000000000,56,56
13151000045,10,1.0000000000,80,80
13151000046,10,1.0000000000,51,51
13151000047,10,1.0000000000,48,48
13151000048,25,1.0000000000,81,81
13151000049,17,1.0000000000,80,80
13151000050,17,1.0000000000,80,80
13151000051,17,1.0000000000,92,92
13151000052,42,1.0000000000,64,64
13151000053,17,1.0000000000,86,86
13151000054,10,1.0000000000,89,89
13151000055,42,1.0000000000,37,37
13151000056,10,1.0000000000,50,50
13151000057,17,1.0000000000,48,48
13151000058,25,1.0000000000,50,50
13151000059,25,1.0000000000,99,99
13151000060,17,0.6028518616,43,99
13151000060,42,0.3971481384,56,99
13151000061,42,1.0000000000,108,108
13151000062,42,1.0000000000,27,27
13153000BMS,20,1.0000000000,229,229
13153000TMS,18,1.0000000000,152,152
13153000VHS,20,1.0000000000,191,191
1315300ANNX,18,1.0000000000,121,121
1315300CENT,18,1.0000000000,182,182
1315300CGTC,20,1.0000000000,117,117
1315300FMMS,18,0.4341596543,80,196
1315300FMMS,20,0.5658403457,116,196
1315300HAFS,20,1.0000000000,143,143
1315300HCTC,26,1.0000000000,119,119
1315300HEFS,20,1.0000000000,100,100
1315300HHPC,26,1.0000000000,275,275
1315300MCMS,18,0.2683339976,35,174
1315300MCMS,20,0.7316660024,139,174
1315300NSES,26,1.0000000000,87,87
1315300RECR,26,1.0000000000,513,514
1315300ROZR,20,1.0000000000,559,559
1315300TWPK,18,1.0000000000,110,110
13155000901,13,1.0000000000,350,350
13155001529,13,1.0000000000,560,560
13155001753,13,1.0000000000,229,229
13157001000,47,1.0000000000,607,608
13157002000,50,1.0000000000,754,755
13157003000,47,1.0000000000,332,332
13157004000,47,1.0000000000,393,393
13159000289,25,1.0000000000,49,49
13159000290,25,1.0000000000,94,94
13159000293,25,1.0000000000,53,53
13159000295,25,1.0000000000,374,374
13159000296,25,1.0000000000,76,76
13159000297,25,1.0000000000,71,71
13159000363,25,1.0000000000,102,102
13161000100,19,1.0000000000,131,131
13161000201,19,1.0000000000,63,63
13161000202,19,1.0000000000,88,88
13161000301,19,1.0000000000,109,109
13161000302,19,1.0000000000,90,90
13161000401,19,1.0000000000,61,61
13161000402,19,1.0000000000,142,142
13161000501,19,1.0000000000,88,88
13161000502,19,1.0000000000,45,45
13163000076,23,1.0000000000,47,47
13163000077,23,1.0000000000,77,77
13163000081,23,1.0000000000,306,306
13163000082,23,1.0000000000,397,397
13163000083,23,1.0000000000,243,243
13163000085,23,1.0000000000,112,112
13163001460,23,1.0000000000,148,148
13163001593,23,1.0000000000,55,55
13165000001,23,1.0000000000,74,74
13165000002,23,1.0000000000,77,77
13165000003,23,1.0000000000,169,169
13165000004,23,1.0000000000,130,130
13165000005,23,1.0000000000,161,161
13167000055,26,1.0000000000,135,135
13167001201,26,1.0000000000,174,174
13167001266,26,1.0000000000,41,41
13167001301,26,1.0000000000,60,60
13167001405,26,1.0000000000,37,37
13167001746,26,1.0000000000,44,44
13167001820,26,1.0000000000,72,72
13169000001,25,1.0000000000,71,71
13169000002,25,1.0000000000,67,67
13169000003,25,1.0000000000,66,66
13169000004,25,1.0000000000,70,70
13169000005,25,1.0000000000,78,78
13169000006,25,1.0000000000,84,84
13169000008,25,1.0000000000,27,27
13169000009,25,1.0000000000,55,55
13169000010,25,1.0000000000,89,89
13169000011,25,1.0000000000,85,85
13171001711,16,1.0000000000,125,125
13171001713,16,1.0000000000,159,159
13171001714,16,1.0000000000,231,231
1317101712A,16,1.0000000000,68,68
1317101712B,16,1.0000000000,58,58
1317101712C,16,1.0000000000,36,36
13173000001,8,1.0000000000,569,569
13175000003,20,1.0000000000,146,146
13175000004,20,1.0000000000,392,392
13175000005,20,1.0000000000,291,291
13175000007,20,1.0000000000,68,68
13175000008,20,1.0000000000,106,106
13175000010,20,1.0000000000,107,107
13175000011,20,1.0000000000,106,106
13175000012,20,1.0000000000,129,129
13175000013,20,1.0000000000,153,153
13175000014,20,1.0000000000,71,71
13175000015,20,1.0000000000,122,122
13175000016,20,1.0000000000,184,184
13175000018,20,1.0000000000,109,109
13175000019,20,1.0000000000,86,86
13175000021,20,1.0000000000,252,252
13175000022,20,1.0000000000,178,178
13177000001,13,1.0000000000,52,52
13177000002,13,1.0000000000,110,110
13177000003,13,1.0000000000,43,43
13177000004,13,1.0000000000,114,114
13177000005,13,1.0000000000,39,39
13177000006,13,1.0000000000,72,72
13177000007,13,1.0000000000,30,30
13177000008,13,1.0000000000,35,35
13177000009,13,1.0000000000,39,39
13177000010,13,1.0000000000,67,67
13179000001,1,1.0000000000,134,134
13179000002,1,1.0000000000,49,49
13179000003,1,1.0000000000,230,230
13179000004,1,1.0000000000,93,93
13179000005,1,1.0000000000,29,29
13179000006,1,1.0000000000,158,158
13179000007,1,1.0000000000,146,146
13179000009,1,1.0000000000,51,51
13179000010,1,1.0000000000,45,45
13179000011,1,1.0000000000,109,109
13179000012,1,1.0000000000,59,59
13179000013,1,1.0000000000,385,385
13179000014,1,1.0000000000,101,101
13181000002,24,1.0000000000,99,99
131810001-A,24,1.0000000000,102,102
131810001-B,24,1.0000000000,54,54
131810003-A,24,1.0000000000,23,23
131810003-B,24,1.0000000000,31,31
131810004-A,24,1.0000000000,55,55
131810004-B,24,1.0000000000,68,68
13183000001,19,1.0000000000,124,124
13183000002,19,1.0000000000,122,122
13183000003,19,1.0000000000,63,63
13183000004,19,1.0000000000,50,50
13183000005,19,1.0000000000,109,109
13183000006,19,1.0000000000,67,67
13183000007,19,1.0000000000,102,102
13185000001,8,1.0000000000,313,313
13185000002,8,1.0000000000,421,421
13185000003,8,1.0000000000,773,773
13185000004,8,1.0000000000,130,130
13185000005,8,1.0000000000,351,351
13185000006,8,1.0000000000,313,313
13185000007,8,1.0000000000,182,182
13185000008,8,1.0000000000,204,204
13185000009,8,1.0000000000,225,225
131870000DA,51,1.0000000000,891,891
13189000131,23,1.0000000000,55,55
13189000132,23,1.0000000000,110,110
13189000134,23,1.0000000000,118,118
13189000135,23,1.0000000000,192,192
13189000136,23,1.0000000000,117,117
13189000137,23,1.0000000000,49,49
13189000139,23,1.0000000000,47,47
1318900133A,23,1.0000000000,90,90
1318900133B,23,1.0000000000,123,123
13191000022,3,1.0000000000,178,178
13191000271,3,1.0000000000,131,131
13191001312,3,1.0000000000,132,132
13191001480,3,1.0000000000,92,92
13191001515,3,1.0000000000,111,111
13191001771,3,1.0000000000,325,325
13193000001,15,1.0000000000,312,312
13193000002,15,1.0000000000,205,205
13193000003,15,1.0000000000,182,182
13193000004,15,1.0000000000,136,136
13193000005,15,1.0000000000,112,112
13195000COB,47,1.0000000000,156,156
13195000COL,47,1.0000000000,50,50
13195000COM,47,1.0000000000,125,125
13195000DAN,47,1.0000000000,178,178
13195000FOR,47,1.0000000000,78,78
13195000HAR,47,1.0000000000,66,66
13195000HUL,47,1.0000000000,131,131
13195000ILA,47,1.0000000000,88,88
13195000MIL,47,1.0000000000,88,88
13195000PAO,47,1.0000000000,28,28
13195000PIT,47,1.0000000000,108,108
13195000POC,47,1.0000000000,45,45
13197000034,15,1.0000000000,37,37
13197000339,15,1.0000000000,54,54
13197000539,15,1.0000000000,40,40
13197000807,15,1.0000000000,148,148
13197000808,15,1.0000000000,50,50
13197000948,15,1.0000000000,46,46
13197000955,15,1.0000000000,72,72
13199000001,29,1.0000000000,37,37
13199000002,29,1.0000000000,123,123
13199000003,29,1.0000000000,68,68
13199000004,29,1.0000000000,41,41
13199000005,29,1.0000000000,162,162
13199000006,29,1.0000000000,67,67
13199000007,29,1.0000000000,112,112
13199000008,29,1.0000000000,99,99
13199000009,29,1.0000000000,89,89
13199000010,29,1.0000000000,124,124
13199000011,29,1.0000000000,99,99
13199000012,29,1.0000000000,98,98
13199000013,29,1.0000000000,47,47
13199000014,29,1.0000000000,29,29
13201000001,12,1.0000000000,456,456
132050000BA,12,1.0000000000,90,90
132050000BV,12,1.0000000000,63,63
132050000CN,12,1.0000000000,130,130
132050000CS,12,1.0000000000,226,226
132050000CT,12,1.0000000000,59,59
132050000HF,12,1.0000000000,50,50
132050000HI,12,1.0000000000,23,23
132050000LS,12,1.0000000000,74,74
132050000PC,12,1.0000000000,17,17
132050000PE,12,1.0000000000,271,271
132050000SC,12,1.0000000000,47,47
13207000001,18,1.0000000000,41,41
13207000002,18,1.0000000000,45,45
13207000003,18,1.0000000000,95,95
13207000004,18,1.0000000000,58,58
13207000005,18,1.0000000000,38,38
13207000006,18,1.0000000000,52,52
13207000007,18,1.0000000000,65,65
13207000008,18,1.0000000000,76,76
13207000009,18,1.0000000000,317,317
13207000010,18,1.0000000000,52,52
13207000011,18,1.0000000000,30,30
13207000012,18,1.0000000000,64,64
13207000013,18,1.0000000000,30,30
13207000014,18,1.0000000000,28,28
13209000001,19,1.0000000000,97,97
13209000002,19,1.0000000000,66,66
13209000003,19,1.0000000000,122,122
13209000004,19,1.0000000000,65,65
13209000005,19,1.0000000000,168,168
13209000006,19,1.0000000000,75,75
13209000007,19,1.0000000000,147,147
13211000001,42,1.0000000000,153,153
13211000002,42,1.0000000000,111,111
13211000003,42,1.0000000000,52,52
13211000004,42,1.0000000000,215,215
13211000005,42,1.0000000000,104,104
13211000006,42,1.0000000000,162,162
13211000007,42,1.0000000000,173,173
13213000824,54,1.0000000000,248,248
13213000872,54,1.0000000000,130,130
13213000874,54,1.0000000000,94,94
13213001013,54,1.0000000000,99,99
13213001039,54,1.0000000000,39,39
13213001291,54,1.0000000000,87,87
13213001895,54,1.0000000000,90,90
13215000101,15,1.0000000000,157,157
13215000102,15,1.0000000000,98,98
13215000103,15,1.0000000000,99,99
13215000104,29,1.0000000000,74,74
13215000105,29,1.0000000000,49,49
13215000106,29,1.0000000000,116,116
13215000107,15,0.7588702560,172,219
13215000107,29,0.2411297440,47,219
13215000108,29,1.0000000000,65,65
13215000109,29,1.0000000000,48,48
13215000110,15,1.0000000000,181,181
13215000112,15,1.0000000000,252,252
13215000113,15,1.0000000000,65,65
13215000114,15,1.0000000000,57,57
13215000115,15,1.0000000000,79,79
13215000116,15,1.0000000000,102,102
13215000117,15,1.0000000000,121,121
13215000118,15,1.0000000000,161,161
13215000119,29,1.0000000000,83,83
13215000120,29,1.0000000000,94,94
13215000121,15,1.0000000000,51,51
13215000122,15,1.0000000000,158,158
13215000124,15,1.0000000000,220,220
13215000125,15,1.0000000000,220,220
13215000126,15,1.0000000000,76,76
13215000127,29,1.0000000000,133,133
13215FTBEN1,15,1.0000000000,41,41
13215FTBEN2,15,1.0000000000,33,33
13215FTBEN3,15,1.0000000000,33,33
13215FTBEN4,15,1.0000000000,34,34
13215FTBEN5,15,1.0000000000,90,90
13217000001,42,1.0000000000,111,111
13217000002,42,1.0000000000,191,191
13217000003,42,0.0084729064,8,58
13217000003,43,0.9915270936,50,58
13217000004,42,1.0000000000,188,188
13217000005,42,1.0000000000,119,119
13217000006,42,1.0000000000,108,108
13217000007,42,1.0000000000,34,34
13217000008,42,1.0000000000,104,104
13217000009,42,1.0000000000,87,87
13217000010,42,1.0000000000,91,91
13217000012,42,1.0000000000,73,73
13217000013,42,0.6756204838,40,53
13217000013,43,0.3243795162,13,53
13217000014,42,1.0000000000,57,57
13217000015,42,1.0000000000,106,106
13217000016,42,1.0000000000,59,59
13217000017,42,1.0000000000,114,114
13217000018,42,1.0000000000,58,58
13217000019,42,1.0000000000,44,44
13217000020,42,0.3353073310,21,73
13217000020,43,0.6646926690,52,73
13217000023,43,1.0000000000,43,43
13217000024,42,0.6105103806,63,90
13217000024,43,0.3894896194,27,90
13217000025,42,1.0000000000,75,75
13219000001,46,1.0000000000,54,54
13219000002,46,1.0000000000,47,47
13219000003,46,1.0000000000,55,55
13219000004,46,1.0000000000,42,42
13219000005,46,1.0000000000,65,65
13219000006,46,1.0000000000,62,62
13219000007,46,1.0000000000,29,29
13219000008,46,1.0000000000,90,90
13219000009,46,1.0000000000,100,100
13219000010,46,1.0000000000,113,113
13219000011,46,1.0000000000,72,72
13219000012,46,1.0000000000,103,103
13219000013,46,1.0000000000,75,75
132210000BV,24,1.0000000000,108,108
132210000CR,24,1.0000000000,153,153
132210000LX,24,1.0000000000,411,411
1322300001C,31,1.0000000000,130,130
1322300002B,31,1.0000000000,103,103
1322300003C,31,1.0000000000,54,54
1322300004B,31,1.0000000000,180,180
1322300005B,31,1.0000000000,308,308
1322300006C,31,1.0000000000,70,70
1322300007B,31,1.0000000000,60,60
1322300008B,31,1.0000000000,282,282
1322300009C,30,0.0409013242,1,64
1322300009C,31,0.9590986758,63,64
1322300010C,30,1.0000000000,40,40
1322300011B,31,1.0000000000,101,101
1322300012C,30,0.7747875354,93,117
1322300012C,31,0.2252124646,24,117
132250000B1,18,1.0000000000,81,81
132250000B2,18,1.0000000000,173,173
132250000C1,18,1.0000000000,112,112
132250000F1,18,1.0000000000,147,147
132250000F2,18,1.0000000000,152,152
132250000F3,18,1.0000000000,131,131
132250000P1,18,1.0000000000,53,53
13227000001,51,1.0000000000,117,117
13227000002,51,1.0000000000,31,31
13227000003,51,1.0000000000,25,25
13227000004,51,1.0000000000,43,43
13227000005,51,1.0000000000,22,22
13227000006,51,1.0000000000,72,72
13227000007,51,1.0000000000,132,132
13227000008,51,1.0000000000,100,100
13227000009,51,1.0000000000,112,112
13227000010,51,1.0000000000,77,77
13227000011,51,1.0000000000,115,115
13227000012,51,1.0000000000,136,136
13229000001,8,1.0000000000,182,182
13229000002,8,1.0000000000,189,189
1322900003A,8,1.0000000000,96,96
1322900003B,8,1.0000000000,174,174
1322900004A,8,1.0000000000,238,238
1322900004B,8,1.0000000000,93,93
1322900004C,8,1.0000000000,104,104
1322900004D,8,1.0000000000,40,40
13231000001,16,1.0000000000,76,76
13231000002,16,1.0000000000,59,59
13231000003,16,1.0000000000,51,51
13231000004,16,1.0000000000,119,119
13231000005,16,1.0000000000,98,98
13231000006,16,1.0000000000,43,43
13231000007,16,1.0000000000,58,58
13231000008,16,1.0000000000,130,130
13233000001,31,1.0000000000,233,233
13233000002,31,1.0000000000,106,106
13233000003,31,1.0000000000,422,422
13233000004,31,1.0000000000,97,97
13233000005,31,1.0000000000,145,145
13233000006,31,1.0000000000,384,384
13233000007,31,1.0000000000,137,137
132350ANNEX,20,1.0000000000,548,548
13237000101,25,1.0000000000,255,255
13237000104,25,1.0000000000,150,150
13237000105,25,1.0000000000,83,83
13237000106,25,1.0000000000,34,34
13237000107,25,1.0000000000,147,147
1323900000G,12,1.0000000000,140,140
1323900000M,12,1.0000000000,43,43
132410RABUN,50,1.0000000000,983,983
13243000131,12,1.0000000000,50,50
13243000334,12,1.0000000000,83,83
13243000566,12,1.0000000000,83,83
13243000934,12,1.0000000000,80,80
13243000947,12,1.0000000000,37,37
13243000954,12,1.0000000000,67,67
13243000998,12,1.0000000000,32,32
1324300718A,12,1.0000000000,232,232
1324300718B,12,1.0000000000,32,32
13245000101,22,1.0000000000,35,35
13245000102,22,1.0000000000,177,177
13245000103,22,1.0000000000,125,125
13245000104,22,1.0000000000,170,170
13245000105,22,1.0000000000,49,49
13245000106,22,1.0000000000,72,72
13245000107,22,1.0000000000,67,67
13245000108,22,1.0000000000,14,14
13245000109,22,1.0000000000,69,69
13245000111,22,1.0000000000,50,50
13245000112,22,1.0000000000,137,137
13245000114,22,1.0000000000,23,23
13245000115,22,1.0000000000,12,12
13245000201,22,1.0000000000,29,29
13245000202,22,1.0000000000,126,126
13245000203,22,1.0000000000,107,107
13245000204,22,1.0000000000,62,62
13245000207,22,1.0000000000,148,148
13245000208,22,1.0000000000,81,81
13245000210,22,1.0000000000,38,38
13245000301,22,1.0000000000,51,51
13245000302,22,1.0000000000,11,11
13245000303,22,1.0000000000,36,36
13245000304,22,1.0000000000,25,25
13245000305,22,1.0000000000,3,3
13245000306,22,1.0000000000,82,82
13245000307,22,1.0000000000,55,55
13245000308,22,1.0000000000,26,26
13245000309,22,1.0000000000,38,38
13245000310,22,1.0000000000,108,108
13245000401,22,1.0000000000,18,18
13245000402,22,1.0000000000,120,120
13245000404,22,1.0000000000,15,15
13245000405,22,1.0000000000,41,41
13245000406,22,1.0000000000,26,26
13245000501,22,1.0000000000,45,45
13245000502,22,1.0000000000,87,87
13245000503,22,1.0000000000,97,97
13245000504,22,1.0000000000,82,82
13245000506,22,1.0000000000,4,4
13245000507,22,1.0000000000,14,14
13245000509,22,1.0000000000,26,26
13245000601,22,1.0000000000,79,79
13245000603,22,1.0000000000,71,71
13245000604,22,1.0000000000,37,37
13245000605,22,1.0000000000,99,99
13245000607,22,1.0000000000,28,28
13245000608,23,1.0000000000,20,20
13245000701,22,1.0000000000,49,49
13245000702,22,1.0000000000,63,63
13245000703,22,1.0000000000,81,81
13245000705,22,1.0000000000,23,23
13245000706,22,1.0000000000,54,54
13245000707,22,1.0000000000,41,41
13245000708,22,1.0000000000,5,5
13245000709,22,1.0000000000,34,34
13245000801,23,1.0000000000,19,19
13245000802,23,1.0000000000,89,89
13245000803,22,1.0000000000,161,161
13245000804,22,1.0000000000,49,49
13245000805,22,1.0000000000,17,17
13245000806,23,1.0000000000,30,30
13245000807,22,1.0000000000,32,32
13245000808,23,1.0000000000,27,27
13245000809,22,1.0000000000,5,5
13245000810,23,1.0000000000,17,17
1324500801B,23,1.0000000000,22,22
1324500804H,22,1.0000000000,88,88
132470000BA,43,1.0000000000,58,58
132470000BT,43,1.0000000000,90,90
132470000CO,43,1.0000000000,116,116
132470000FI,43,1.0000000000,79,79
132470000FS,43,1.0000000000,48,48
132470000HC,43,1.0000000000,20,20
132470000HI,43,1.0000000000,57,57
132470000LA,43,1.0000000000,108,108
132470000LO,43,1.0000000000,76,76
132470000MA,43,1.0000000000,43,43
132470000MI,43,1.0000000000,130,130
132470000OT,43,1.0000000000,205,205
132470000RO,43,1.0000000000,69,69
132470000SM,43,1.0000000000,43,43
132470000SP,43,1.0000000000,54,54
132470000ST,43,1.0000000000,38,38
13249000001,15,1.0000000000,313,313
13251000001,23,1.0000000000,116,116
13251000002,23,1.0000000000,75,75
13251000003,23,1.0000000000,125,125
13251000004,23,1.0000000000,96,96
13251000005,23,1.0000000000,55,55
13251000006,23,1.0000000000,87,87
13251000007,23,1.0000000000,223,223
13251000008,23,1.0000000000,29,29
13251000009,23,1.0000000000,27,27
13251000010,23,1.0000000000,82,82
13251000011,23,1.0000000000,44,44
13251000012,23,1.0000000000,27,27
13253000001,11,1.0000000000,117,117
13253000002,11,1.0000000000,146,146
13253000003,11,1.0000000000,79,79
13253000004,11,1.0000000000,157,157
13253000005,11,1.0000000000,111,111
13255000001,16,1.0000000000,118,118
13255000002,16,1.0000000000,100,100
13255000004,16,1.0000000000,116,116
13255000005,16,1.0000000000,106,106
13255000006,16,1.0000000000,138,138
13255000007,16,1.0000000000,30,30
13255000008,16,1.0000000000,51,51
13255000009,16,1.0000000000,76,76
13255000010,16,1.0000000000,55,55
13255000011,16,1.0000000000,91,91
13255000012,16,1.0000000000,84,84
13255000013,16,1.0000000000,71,71
13255000014,16,1.0000000000,70,70
13255000016,16,1.0000000000,121,121
13255000017,16,1.0000000000,95,95
13255000019,16,1.0000000000,82,82
13255000020,16,1.0000000000,51,51
13255000021,16,1.0000000000,56,56
13257000001,50,1.0000000000,313,313
13257000002,50,1.0000000000,137,137
13257000003,50,1.0000000000,249,249
13257000004,50,1.0000000000,68,68
13257000005,50,1.0000000000,48,48
13257000006,50,1.0000000000,148,148
13257000007,50,1.0000000000,143,143
13257000008,50,1.0000000000,180,180
13259000002,12,1.0000000000,214,214
13259000005,12,1.0000000000,410,410
13261000015,12,1.0000000000,196,196
13261000017,12,1.0000000000,98,98
13261000028,12,1.0000000000,67,67
13261000029,12,1.0000000000,86,86
1326100E-27,12,1.0000000000,118,118
1326100N-26,12,1.0000000000,40,40
1326100O-26,12,1.0000000000,98,98
1326100W-27,12,1.0000000000,144,144
132610C1-27,12,1.0000000000,152,152
132610C2-27,12,1.0000000000,152,152
132610C3-27,12,1.0000000000,193,193
13263000001,15,1.0000000000,44,44
13263000002,15,1.0000000000,130,130
13263000003,15,1.0000000000,143,143
13263000004,15,1.0000000000,60,60
13263000005,15,1.0000000000,111,111
13263000006,15,1.0000000000,59,59
13263000008,15,1.0000000000,86,86
13265000172,23,1.0000000000,74,74
13265000601,23,1.0000000000,260,260
13267000001,19,1.0000000000,162,162
13267000003,19,1.0000000000,259,259
13267000004,19,1.0000000000,67,67
13267000005,19,1.0000000000,236,236
13267000007,19,1.0000000000,281,281
13267000008,19,1.0000000000,280,280
13267000009,19,1.0000000000,170,170
13267000010,19,1.0000000000,145,145
13269000001,15,1.0000000000,82,82
13269000005,15,1.0000000000,426,426
13269000006,15,1.0000000000,279,279
132710000HE,19,1.0000000000,187,187
132710000JA,19,1.0000000000,92,92
132710000LU,19,1.0000000000,163,163
132710000MC,19,1.0000000000,343,343
132710000MI,19,1.0000000000,126,126
132710000SC,19,1.0000000000,48,48
13273000001,12,1.0000000000,242,242
13273000002,12,1.0000000000,144,144
13273000003,12,1.0000000000,109,109
13273000004,12,1.0000000000,110,110
13273000005,12,1.0000000000,79,79
13273000006,12,1.0000000000,45,45
13275000101,11,1.0000000000,39,39
13275000102,11,1.0000000000,173,173
13275000103,11,1.0000000000,90,90
13275000104,11,1.0000000000,100,100
13275000105,11,1.0000000000,155,155
13275000106,11,1.0000000000,47,47
13275000107,11,1.0000000000,81,81
13275000108,11,1.0000000000,84,84
13275000109,11,1.0000000000,147,147
13275000110,11,1.0000000000,95,95
13275000111,11,1.0000000000,166,166
13275000112,11,1.0000000000,49,49
13275000113,11,1.0000000000,68,68
13275000114,11,1.0000000000,108,108
13275000115,11,1.0000000000,134,134
13275000116,11,1.0000000000,18,18
13275000117,11,1.0000000000,70,70
13275000118,11,1.0000000000,94,94
13275000119,11,1.0000000000,69,69
13275000120,11,1.0000000000,87,87
13277000001,13,1.0000000000,262,262
13277000002,13,1.0000000000,135,135
13277000003,13,1.0000000000,117,117
13277000004,13,1.0000000000,182,182
13277000005,13,1.0000000000,58,58
13277000006,13,1.0000000000,77,77
13277000007,13,1.0000000000,99,99
13277000008,13,1.0000000000,133,133
13277000009,13,1.0000000000,274,274
13277000010,13,1.0000000000,166,166
13277000011,13,1.0000000000,206,206
13277000012,13,1.0000000000,165,165
13279000039,19,1.0000000000,134,134
13279000043,19,1.0000000000,129,129
13279000513,19,1.0000000000,431,431
13279000514,19,1.0000000000,298,298
13279015361,19,1.0000000000,379,379
13281000833,50,1.0000000000,198,198
13281000990,50,1.0000000000,198,198
13281001468,50,1.0000000000,132,132
13281001581,50,1.0000000000,15,15
1328300SOPE,20,1.0000000000,244,244
132830ANNEX,20,1.0000000000,304,304
13285000001,29,1.0000000000,126,126
13285000002,29,1.0000000000,290,290
13285000003,29,1.0000000000,140,140
13285000004,29,1.0000000000,131,131
13285000005,29,1.0000000000,184,184
13285000006,29,1.0000000000,194,194
13285000007,29,1.0000000000,102,102
13285000008,29,1.0000000000,150,150
13285000009,29,1.0000000000,47,47
13285000010,29,1.0000000000,120,120
13285000011,29,1.0000000000,112,112
13285000012,29,1.0000000000,103,103
13285000013,29,1.0000000000,67,67
13285000015,29,1.0000000000,96,96
13285000016,29,1.0000000000,59,59
13287000001,13,1.0000000000,342,342
13287000002,13,1.0000000000,315,315
13287000003,13,1.0000000000,163,163
132890000DB,26,1.0000000000,129,129
132890000GI,26,1.0000000000,148,148
132890000HV,26,1.0000000000,74,74
1328900JV/W,26,1.0000000000,116,116
1328900SG/T,26,1.0000000000,101,101
13291000001,51,1.0000000000,149,149
13291000002,51,1.0000000000,91,91
13291000003,51,1.0000000000,69,69
13291000004,51,1.0000000000,99,99
13291000005,51,1.0000000000,115,115
13291000006,51,1.0000000000,55,55
13291000007,51,1.0000000000,99,99
13291000008,51,1.0000000000,96,96
13291000009,51,1.0000000000,87,87
13291000010,51,1.0000000000,108,108
13291000011,51,1.0000000000,86,86
13293000470,18,1.0000000000,54,54
13293000555,18,1.0000000000,230,230
13293000561,18,1.0000000000,43,43
13293000588,18,1.0000000000,62,62
13293000589,18,1.0000000000,45,45
13293001336,18,1.0000000000,112,112
13293001577,18,1.0000000000,45,45
13293001610,18,1.0000000000,59,59
13293005610,18,1.0000000000,457,457
13295000869,53,1.0000000000,82,82
13295000871,53,1.0000000000,415,415
13295000881,53,1.0000000000,76,76
13295000943,53,1.0000000000,44,44
13295000944,53,1.0000000000,146,146
13295000953,53,1.0000000000,69,69
13295000960,53,1.0000000000,87,87
13295001053,53,1.0000000000,47,47
13295001161,53,1.0000000000,60,60
13295001501,53,1.0000000000,130,130
13295001800,53,1.0000000000,28,28
13295001808,53,1.0000000000,50,50
13295001809,53,1.0000000000,93,93
13295001812,53,1.0000000000,248,248
13295001818,53,1.0000000000,210,210
13295001851,53,1.0000000000,49,49
13295001893,53,1.0000000000,120,120
13295001898,53,1.0000000000,60,60
13297000250,46,1.0000000000,86,86
13297000414,46,1.0000000000,49,49
13297000415,46,1.0000000000,74,74
13297000416,42,1.0000000000,68,68
13297000417,42,1.0000000000,118,118
13297000418,42,1.0000000000,200,200
13297000419,46,1.0000000000,127,127
13297000420,46,1.0000000000,136,136
13297000421,42,1.0000000000,57,57
13297000422,42,1.0000000000,68,68
13297000423,42,1.0000000000,69,69
13297000424,46,1.0000000000,57,57
13297000425,46,1.0000000000,123,123
13297000426,46,1.0000000000,75,75
13297000427,42,1.0000000000,55,55
13297000454,46,1.0000000000,78,78
13297000502,42,1.0000000000,68,68
13297000503,46,1.0000000000,57,57
13297000559,46,1.0000000000,94,94
13297001663,46,1.0000000000,66,66
13297001675,42,1.0000000000,54,54
13299000100,3,0.4460905350,251,493
13299000100,8,0.5539094650,242,493
13299000300,8,1.0000000000,317,317
13299000304,8,1.0000000000,158,159
13299000400,3,0.8993623510,283,304
13299000400,8,0.1006376490,21,304
13299000404,8,1.0000000000,112,112
13299000405,8,1.0000000000,67,67
13299000406,8,1.0000000000,61,61
13299000407,8,1.0000000000,231,231
13299000408,8,1.0000000000,126,126
13299000409,8,1.0000000000,99,99
1329900200A,8,1.0000000000,244,245
1329900200B,3,1.0000000000,243,243
13301000001,23,1.0000000000,269,269
13301000002,23,1.0000000000,117,117
13301000003,23,1.0000000000,137,137
13301000004,23,1.0000000000,89,89
13301000005,23,1.0000000000,65,65
13301000006,23,1.0000000000,64,64
13303000088,26,1.0000000000,145,145
13303000091,26,1.0000000000,222,222
13303000094,26,1.0000000000,172,172
13303000097,26,1.0000000000,407,407
13303000099,26,1.0000000000,91,91
13303001253,26,1.0000000000,130,130
13303001350,26,1.0000000000,131,131
13303001488,26,1.0000000000,263,263
1330500001A,19,1.0000000000,167,167
1330500001B,19,1.0000000000,110,110
1330500001C,19,1.0000000000,81,81
1330500002A,19,1.0000000000,295,295
1330500002C,19,1.0000000000,93,93
1330500002D,19,1.0000000000,57,57
1330500003A,19,1.0000000000,127,127
1330500003B,19,1.0000000000,354,354
1330500004A,19,1.0000000000,114,114
1330500004B,19,1.0000000000,142,142
1330500005A,19,1.0000000000,164,164
1330500005B,19,1.0000000000,188,188
133070000G3,12,1.0000000000,47,47
133070000P1,12,1.0000000000,131,131
133070000P3,12,1.0000000000,64,64
133070000W2,12,1.0000000000,71,71
13309000001,19,1.0000000000,312,312
13309000002,19,1.0000000000,189,189
13311000011,50,1.0000000000,60,60
13311000021,51,1.0000000000,74,74
13311000031,50,1.0000000000,68,68
13311000041,50,1.0000000000,126,126
13311000051,51,1.0000000000,194,194
13311000061,50,1.0000000000,74,74
13311000071,50,1.0000000000,44,44
13311000081,51,1.0000000000,86,86
13311000091,51,1.0000000000,57,57
13311000101,51,1.0000000000,71,71
13311000111,50,1.0000000000,59,59
1331300001A,54,1.0000000000,127,127
1331300002A,54,1.0000000000,117,117
1331300003A,54,1.0000000000,82,82
1331300004A,54,1.0000000000,100,100
1331300005A,54,1.0000000000,106,106
1331300006A,54,1.0000000000,141,141
133130000AN,54,1.0000000000,154,154
133130000CA,54,1.0000000000,81,81
133130000CO,54,1.0000000000,116,116
133130000DG,54,1.0000000000,175,175
133130000ES,54,1.0000000000,81,81
133130000FI,54,1.0000000000,64,64
133130000GL,54,1.0000000000,92,92
133130000LT,54,1.0000000000,30,30
133130000MC,54,1.0000000000,59,59
133130000NI,54,1.0000000000,67,67
133130000PG,54,1.0000000000,107,107
133130000TH,54,1.0000000000,198,198
133130000TI,54,1.0000000000,41,41
133130000TR,54,1.0000000000,52,52
133130000UT,54,1.0000000000,39,39
133130000VA,54,1.0000000000,293,293
133130000WS,54,1.0000000000,54,54
1331500001A,20,1.0000000000,59,59
1331500002A,20,1.0000000000,73,73
1331500002B,20,1.0000000000,81,81
1331500003A,20,1.0000000000,226,226
1331500004A,20,1.0000000000,153,153
1331500005A,20,1.0000000000,131,131
13317000001,24,1.0000000000,140,140
1331700002A,24,1.0000000000,146,146
1331700002B,24,1.0000000000,86,86
1331700003A,24,1.0000000000,56,56
1331700003B,24,1.0000000000,69,69
1331700004A,24,1.0000000000,64,64
1331700004B,24,1.0000000000,104,104
13319000002,26,1.0000000000,69,69
13319000003,26,1.0000000000,38,38
13319000004,26,1.0000000000,30,30
13319000005,26,1.0000000000,85,85
13319000006,26,1.0000000000,121,121
13319000007,26,1.0000000000,82,82
13319000008,26,1.0000000000,61,61
13319000010,26,1.0000000000,147,147
13319000011,26,1.0000000000,47,47
13321000001,13,1.0000000000,228,228
13321000002,13,1.0000000000,78,78
13321000003,13,1.0000000000,115,115
13321000004,13,1.0000000000,102,102
13321000005,13,1.0000000000,70,70
13321000006,13,1.0000000000,47,47
13321000007,13,1.0000000000,76,76
13321000008,13,1.0000000000,52,52
13321000009,13,1.0000000000,137,137
13321000010,13,1.0000000000,78,78
13321000011,13,1.0000000000,63,63
13321000012,13,1.0000000000,80,80
13321000014,13,1.0000000000,29,29
13321000015,13,1.0000000000,73,73
13321000016,13,1.0000000000,21,21
